chainId	marketId	lltv	loanSymbol	collateralSymbol	blockNumber	logIndex	txIndex	txHash	timestamp	borrower	liquidator	repaidAssets	repaidShares	seizedAssets	badDebtAssets	badDebtShares
1	0x97bb820669a19ba5fa6de964a466292edd67957849f9631eb8b830c382f58b7f	770000000000000000	USDC	MKR	20777446	260	100	0x3949154b11ee26c79fa143a44e6a618c7d89b63ff4cb860e39c25377da6e2e32	1726662155	0xAF4744C99C85f3876819636D3aC2190F6BC37721	0x7f7A70b5B584C4033CAfD52219a496Df9AFb1af7	1352864	1256617300512	1000000000000000	367594	341442264686
1	0x97bb820669a19ba5fa6de964a466292edd67957849f9631eb8b830c382f58b7f	770000000000000000	USDC	MKR	20783759	338	54	0x4effae6fb2b886713950b8a780b60221d92fc39858c53a8622a9c10dcad45ff0	1726738283	0xa70Cf8efBc2Bc14d7D9f4cb54934a068a2096392	0x7f7A70b5B584C4033CAfD52219a496Df9AFb1af7	43779	40649340758	30441609108310	4991150	4634449287208
1	0x7dde86a1e94561d9690ec678db673c1a6396365f7d1d65e129c5fff0990ff758	860000000000000000	USDC	WETH	21469902	480	81	0xcad9c69c1684c434127ff438955eb2606f1de08db71c274aecf17d0e09d91c16	1735013963	0xdc5118E4f80DA892e33d78A3EFbe58fa53132F2d	0x1127df37545716BC740BCE0199C900E6B8bBb90a	388752	137784761734	119944487473713	107957	38262848815
1	0x7dde86a1e94561d9690ec678db673c1a6396365f7d1d65e129c5fff0990ff758	860000000000000000	USDC	WETH	21469904	442	105	0x30e9e6b6a8a2ee918540e62f043727ce26a6794eb5f900e67932be6088a06df4	1735013987	0x17eEA5bdc2A2e52B5381E5b03F9CcC33808d4489	0x1127df37545716BC740BCE0199C900E6B8bBb90a	3241087	1148732531601	1000000000000000	2547456	902890700722
1	0x97bb820669a19ba5fa6de964a466292edd67957849f9631eb8b830c382f58b7f	770000000000000000	USDC	MKR	21596921	434	135	0x179912f06f25865c6164ff7cad4a4aca3320422a986ab9f686058f86b33f85e3	1736546363	0xb4B54844f91E60ae4E806E47C0766598e11BD800	0xfEd6096F550864f8e1175f1e9DFa105AC911E5b4	73712	65524220766	53790000000000	12744	11328319874
1	0x97bb820669a19ba5fa6de964a466292edd67957849f9631eb8b830c382f58b7f	770000000000000000	USDC	MKR	21598811	205	85	0x70ef573e9665528458bf5b8a17c799eee522ab2e6406d5c8849e724e31050f50	1736569163	0xc5BbDcA33487c429f96DbE3f7b8e1b18612EF337	0xfEd6096F550864f8e1175f1e9DFa105AC911E5b4	6374229	5665878125503	4693534455098295	136026	120909327934
1	0x97bb820669a19ba5fa6de964a466292edd67957849f9631eb8b830c382f58b7f	770000000000000000	USDC	MKR	21602723	175	132	0xdf86f229173033f14195536839243d255d69b1535d304bada3dafd2410002a19	1736616383	0x4CEf3B9B2A03c31FFA5a9979b631e2E9DD191526	0xfEd6096F550864f8e1175f1e9DFa105AC911E5b4	151421	134574059812	112519399307773	637	566039107
1	0x97bb820669a19ba5fa6de964a466292edd67957849f9631eb8b830c382f58b7f	770000000000000000	USDC	MKR	21617554	177	86	0x893f338cc05e4778955f5c73e8b399ef0beb6ce61325fb284bd13b5213dec2b5	1736795303	0xd29dB7682DFF5FDe15a25b121fca906Df844cEA3	0xfEd6096F550864f8e1175f1e9DFa105AC911E5b4	4987	4428276699	4113742083025	76	67099506
1	0xe95187ba4e7668ab4434bbb17d1dfd7b87e878242eee3e73dac9fdb79a4d0d99	770000000000000000	USDC	EIGEN	21663189	162	95	0xcdfebc5b27153fffbc3fe079eebc305c83d1f75e7910034133a00e27921fa4b5	1737345803	0xd0644E17C6Ad2B34932cB6D8Dc6026000DA5FF2e	0xfEd6096F550864f8e1175f1e9DFa105AC911E5b4	492350	477105514510	202051373351953792	23626	22894485490
1	0xb323495f7e4148be5643a4ea4a8221eef163e4bccfdedc2a6f4696baacbc86cc	860000000000000000	USDC	wstETH	21755102	233	114	0xbdc62d321be7b67747f1f7bf3afdf712ebc62b3ef676280eaae8030f417d284a	1738454303	0x6949a8837efF81e7fE03CC754f72884bb9BF0bed	0xfEd6096F550864f8e1175f1e9DFa105AC911E5b4	260394	240088382199	72845303204789	387	356005603
1	0x97bb820669a19ba5fa6de964a466292edd67957849f9631eb8b830c382f58b7f	770000000000000000	USDC	MKR	21762861	445	186	0xa9d267fcbf86130c40d672891035cc5ce5046073c8406758f85b0b13543f1e3f	1738548023	0x0Acf801BA7b29f5670604551FEDc578eB76cfb29	0xfEd6096F550864f8e1175f1e9DFa105AC911E5b4	13548	11954089071	16366269537755	1685	1485989712
1	0xbf02d6c6852fa0b8247d5514d0c91e6c1fbde9a168ac3fd2033028b5ee5ce6d0	860000000000000000	USDC	LBTC	21932681	648	265	0x20cb068514db3eba8a7457bf46a03a9e1ce63f7cdfd6ec9001ac4c48bcc26d0e	1740599123	0xd0644E17C6Ad2B34932cB6D8Dc6026000DA5FF2e	0xfEd6096F550864f8e1175f1e9DFa105AC911E5b4	999240	993392262686	1239	6647	6607737314
1	0xb323495f7e4148be5643a4ea4a8221eef163e4bccfdedc2a6f4696baacbc86cc	860000000000000000	USDC	wstETH	21940344	208	104	0x18b539873faf99df0ff2b2b0a220339d393069ee3b5eb849400d51a9c7ae72f9	1740691463	0xF3C99119008585669C310911781aB7601D0cd6df	0xfEd6096F550864f8e1175f1e9DFa105AC911E5b4	298	272598782	115000000000	5	3719778
1	0xb323495f7e4148be5643a4ea4a8221eef163e4bccfdedc2a6f4696baacbc86cc	860000000000000000	USDC	wstETH	21940459	1021	175	0x1e6fc385993f0097dd2e2d7caf417cfb489e6a1e85771d59f893bbcf817b86a1	1740692843	0xf2e018258a20a046Df85194e93db566A492DB1EB	0xfEd6096F550864f8e1175f1e9DFa105AC911E5b4	75488	69284905666	29236246338517	1661	1523674171
1	0xb48bb53f0f2690c71e8813f2dc7ed6fca9ac4b0ace3faa37b4a8e5ece38fa1a2	860000000000000000	USDC	USD0++	21987423	399	197	0xc5a963dc83c0b570820ea8b98a6d9dd1d1830d57d8fa48190e25b99d1c25a38d	1741258943	0x1e0c5BcCeCd0e02cD985Bbc713B361f1bCCA95Ea	0xDBafa316C236c090e7633Cf7CF5EbDd2947B50A1	479000002	396166155925194	500000000000000000000	3121866	2581998722474
1	0xb48bb53f0f2690c71e8813f2dc7ed6fca9ac4b0ace3faa37b4a8e5ece38fa1a2	860000000000000000	USDC	USD0++	22044056	34	5	0xbe496c0b73748f76b7fdd15205f5174606568135acd1e8ad8f1567013aa2f65e	1741942511	0x655E4696DAfe3d07052fB3B7669d62Bd549cD8EF	0x09F7E8515Bb5587812A8783a9fF3b3847FE04755	476191560	380429955044031	497068432580002417470	20946344	16734056775214
1	0xb48bb53f0f2690c71e8813f2dc7ed6fca9ac4b0ace3faa37b4a8e5ece38fa1a2	860000000000000000	USDC	USD0++	22044057	76	11	0xc5a3340253e1e060bee8067852e6880a01863207703a0c591464d381d76c534f	1741942523	0xDA1eeea6Cde9536b30d7969A27248569935Fb5C4	0x09F7E8515Bb5587812A8783a9fF3b3847FE04755	180586925	144271053860979	188504095061728395062	4012759	3205796708560
1	0xb48bb53f0f2690c71e8813f2dc7ed6fca9ac4b0ace3faa37b4a8e5ece38fa1a2	860000000000000000	USDC	USD0++	22044060	328	278	0x5ade57af241ffdca4dea4c7abf657daf4abba1025f739be4792f4966f6194f33	1741942559	0x5Cd316300E4B01048af69E403668bE9D7f07851d	0x09F7E8515Bb5587812A8783a9fF3b3847FE04755	136845176	109325650673256	142844649382716049383	2809657	2244635209768
1	0xb48bb53f0f2690c71e8813f2dc7ed6fca9ac4b0ace3faa37b4a8e5ece38fa1a2	860000000000000000	USDC	USD0++	22044083	177	77	0x4b098c48ebeb64eafa11d4bd8ceaadc64adeeb5be49bfb708a52d1a520a6b6ab	1741942835	0x6c35e701B6e7c12757ce1fc9F1c9b03aF3Fd7B5d	0x09F7E8515Bb5587812A8783a9fF3b3847FE04755	73382802	58625213320858	76600000000000000000	1156365	923815090414
1	0xb48bb53f0f2690c71e8813f2dc7ed6fca9ac4b0ace3faa37b4a8e5ece38fa1a2	860000000000000000	USDC	USD0++	22067042	581	148	0x97d48dab06857be408f504bd4aded77e24a9d83cb84c7e789ef874a7abeda0aa	1742219699	0xd5A183E3cEA7E3C30083B4c2323844098F6E6AB7	0x09F7E8515Bb5587812A8783a9fF3b3847FE04755	61181790	48638590948685	63864079012345679013	1240530	986202255237
1	0xb48bb53f0f2690c71e8813f2dc7ed6fca9ac4b0ace3faa37b4a8e5ece38fa1a2	860000000000000000	USDC	USD0++	22067045	546	167	0xd176ff129dfef40aa4c9e4e1b349657e955494a28dceeea484d9e79edc4c7103	1742219735	0xE2138b953B8CA2FAF36400109996c4c6C2D56dD4	0x09F7E8515Bb5587812A8783a9fF3b3847FE04755	60897764	48412767095482	63567601234567901235	1479238	1175970840925
1	0xb48bb53f0f2690c71e8813f2dc7ed6fca9ac4b0ace3faa37b4a8e5ece38fa1a2	860000000000000000	USDC	USD0++	22067047	324	39	0xfdce6bda1a96ae78cb91a77764ce045a7ec1b215816f7a5bc7505e46c2f98cdc	1742219759	0x2eb9916B9c6b7ac84912FFaBd3D165DC0Ba4b788	0x09F7E8515Bb5587812A8783a9fF3b3847FE04755	59908702	47626460400514	62535177777777777778	2503498	1990240518331
1	0xb48bb53f0f2690c71e8813f2dc7ed6fca9ac4b0ace3faa37b4a8e5ece38fa1a2	860000000000000000	USDC	USD0++	22180786	61	7	0xf05ad80007740cdf29d511b877a0662af54aa81e76a8d7c558bbe9bfe5e5960c	1743591551	0xCc03aAb2E85D2C243b141FfA03eb2024C90CD6eC	0x09F7E8515Bb5587812A8783a9fF3b3847FE04755	51342146	35218032494266	53593052989141993839	1865930	1279930523499
1	0xb48bb53f0f2690c71e8813f2dc7ed6fca9ac4b0ace3faa37b4a8e5ece38fa1a2	860000000000000000	USDC	USD0++	22180787	154	21	0x05dd884f983430f23f78c5ebf845cb520802785fdf4a25aadb72464ad171027e	1743591563	0xb1158AC3A4d21904c2174aaD7B109542bcF79A70	0x09F7E8515Bb5587812A8783a9fF3b3847FE04755	47900002	32856876518168	50000000000000000000	4750702	3258730703742
1	0xb48bb53f0f2690c71e8813f2dc7ed6fca9ac4b0ace3faa37b4a8e5ece38fa1a2	860000000000000000	USDC	USD0++	22180790	288	44	0x491bf128fa2255b50d4fcb7cddffb90f27ef015849acd4e24d7008a09570a167	1743591599	0x578726C528c9DE9CcDa65d60fbECd11e3DE4400a	0x09F7E8515Bb5587812A8783a9fF3b3847FE04755	47900002	32856802446829	50000000000000000000	3075465	2109602073043
1	0xb48bb53f0f2690c71e8813f2dc7ed6fca9ac4b0ace3faa37b4a8e5ece38fa1a2	860000000000000000	USDC	USD0++	22180791	311	158	0x6e924c18b46786acab2d61904cbb3284d57875e026d7f404e67af953a2554617	1743591611	0x9FbCb0C00b0B6f1D648337304e526B90d25e7e11	0x09F7E8515Bb5587812A8783a9fF3b3847FE04755	45019697	30881046360561	46993418428523575752	5422763	3719717857706
1	0xb48bb53f0f2690c71e8813f2dc7ed6fca9ac4b0ace3faa37b4a8e5ece38fa1a2	860000000000000000	USDC	USD0++	22180793	388	185	0xa88af19acce9593ac7377b089ba012759b208cbf7cab0306837e1c635c849e3d	1743591635	0xaa49a46De3eD31bd1E9B34161b65e54A0F8C46E7	0x09F7E8515Bb5587812A8783a9fF3b3847FE04755	43560558	29880112406728	45470309853108154556	7184738	4928329501961
1	0xb48bb53f0f2690c71e8813f2dc7ed6fca9ac4b0ace3faa37b4a8e5ece38fa1a2	860000000000000000	USDC	USD0++	22186444	401	56	0x5ef1091eb57193cf01546e9955a82b1522bb49a2c16a69c24728badd4a5198ca	1743659831	0x762384DEb30A4b26f99B0bBE0825eF2ABcE1AF5F	0x09F7E8515Bb5587812A8783a9fF3b3847FE04755	48858491	33374281658970	51000510005100051000	1139057	778066960423
1	0xb48bb53f0f2690c71e8813f2dc7ed6fca9ac4b0ace3faa37b4a8e5ece38fa1a2	860000000000000000	USDC	USD0++	22241854	174	76	0xe94c9532cfa8494063ad647229670208720983c8aee078a13b109558006904ba	1744328207	0x0EA1B336dF87000aDc85cA64D01CA1Bd72d7ddCA	0x09F7E8515Bb5587812A8783a9fF3b3847FE04755	47900002	28466647444956	50000000000000000000	2072551	1231702887617
1	0x3a85e619751152991742810df6ec69ce473daef99e28a64ab2340d7b7ccfee49	860000000000000000	USDC	WBTC	22281051	428	86	0xf5634dd3788bd9f0a164af16f84795d6fba56809d68be23806a9fece76d23b8f	1744800395	0x208179E4bbe02BeCF0dEBe91305B702f751c0738	0x4d1d0665DB603D0049024a225DAe83316c657542	179300	163737985598	223	897	818246926
1	0x3a85e619751152991742810df6ec69ce473daef99e28a64ab2340d7b7ccfee49	860000000000000000	USDC	WBTC	22281053	735	172	0xa1e1472557b4186c6e8921aeae405f61bd9fb7571462d29004914eda7dd78f57	1744800419	0xC154Aa9287366A8C35d9E1A91ac11CE865266EbC	0x4d1d0665DB603D0049024a225DAe83316c657542	8042	7343136890	10	342	312144243
1	0xb48bb53f0f2690c71e8813f2dc7ed6fca9ac4b0ace3faa37b4a8e5ece38fa1a2	860000000000000000	USDC	USD0++	22351840	633	209	0x3bf3c62dc468575cc1ca51e26dca5f5adcee7bde3ceb343fd12103db3dee75d2	1745654003	0xCAdC5478eE61cf3294188C7CDBA3D86e3Ee61A4b	0x4c1f184689Aa1b415f80152dEE319C3db0651F7E	21076002	11448724582197	22000000000000000000	2676572	1453944076145
1	0xb48bb53f0f2690c71e8813f2dc7ed6fca9ac4b0ace3faa37b4a8e5ece38fa1a2	860000000000000000	USDC	USD0++	22351842	380	186	0x693c20cbff588880c832fa738e0277c22e12c7c7c0b94aff1dca481a825af21b	1745654027	0x1af4ed33c69a515fc5F0527aCdc2D390B8e86934	0x4c1f184689Aa1b415f80152dEE319C3db0651F7E	19160002	10407922178227	20000000000000000000	8383651	4554090498307
1	0xb48bb53f0f2690c71e8813f2dc7ed6fca9ac4b0ace3faa37b4a8e5ece38fa1a2	860000000000000000	USDC	USD0++	22351842	387	187	0xd268f88d8407888f862bf6b2af3581936f89f63d1e860c68113bcdb39d790ad8	1745654027	0x37D70356edFaD4d7BbD1777fAeFDC87404B05E9E	0x4c1f184689Aa1b415f80152dEE319C3db0651F7E	27299900	14829603846961	28496762578968087040	12566751	6826396265886
1	0xb48bb53f0f2690c71e8813f2dc7ed6fca9ac4b0ace3faa37b4a8e5ece38fa1a2	860000000000000000	USDC	USD0++	22351842	394	188	0xd0875e25d8c7bd33a094aecd23eada3f6abdb85cbe9b841da420933175135178	1745654027	0xd00f4F98f9Aec2F50a3076CaF076891859064480	0x4c1f184689Aa1b415f80152dEE319C3db0651F7E	13274773	7211001406897	13856754445993800434	4979159	2704733260080
1	0x7e9c708876fa3816c46aeb08937b51aa0461c2af3865ecb306433db8a80b1d1b	770000000000000000	USDC	pufETH	22351842	403	189	0x3b9904c2ce5f6e033f47a0d0284277063442b92aed6d1e8280a2507fa9418de0	1745654027	0x5b6a1BA8bb103e34956Fe3197c182200C75ee0d4	0x4c1f184689Aa1b415f80152dEE319C3db0651F7E	20066	18193019620	11389776998649	1841	1669225416
1	0x7e9c708876fa3816c46aeb08937b51aa0461c2af3865ecb306433db8a80b1d1b	770000000000000000	USDC	pufETH	22351842	415	190	0x9f9c8b4f6c3fbcf396c9697b78b088500d85f711c9569ee483640faa892efe42	1745654027	0x1B8c58C9417CEFbB6B3cB02c885d2D0C603d6dE1	0x4c1f184689Aa1b415f80152dEE319C3db0651F7E	351429	318642064499	199493433494702	25707	23308363992
1	0xb48bb53f0f2690c71e8813f2dc7ed6fca9ac4b0ace3faa37b4a8e5ece38fa1a2	860000000000000000	USDC	USD0++	22351844	3311	313	0x98f7c0181ef69ba7a59cc4d71dcb08eb00e6a743141493c12ca9b7518401c223	1745654051	0x183f147159D10b88f4fB27A00Bb5A491E16d69bb	0x4c1f184689Aa1b415f80152dEE319C3db0651F7E	3811284	2070328822899	3978373349147079018	944855	513254991014
1	0xb48bb53f0f2690c71e8813f2dc7ed6fca9ac4b0ace3faa37b4a8e5ece38fa1a2	860000000000000000	USDC	USD0++	22351844	3318	314	0x8fe4ba42d2b2d2d779a24857352e3c84dd68d17ffc62b8a6c49c2784e7af9912	1745654051	0x1048C9e572fAC450805675de496E83B038CF228C	0x4c1f184689Aa1b415f80152dEE319C3db0651F7E	245087	133133280901	255829865361077112	89446	48587891878
1	0xb48bb53f0f2690c71e8813f2dc7ed6fca9ac4b0ace3faa37b4a8e5ece38fa1a2	860000000000000000	USDC	USD0++	22351846	236	154	0x3fd6ca51355345218556741d1367c5bf41d1ce9d9480166cda0df4be5c2f64f2	1745654075	0x1CA30326F0aB9Ab8F30435D32eA39c275C660D9e	0x4c1f184689Aa1b415f80152dEE319C3db0651F7E	1356159	736678580511	1415612345679012346	479314	260367990008
1	0xb48bb53f0f2690c71e8813f2dc7ed6fca9ac4b0ace3faa37b4a8e5ece38fa1a2	860000000000000000	USDC	USD0++	22351846	243	155	0x1f8a50ff4deee621eaee3081b8025eec156fa6c066e00665e5442141c6b6dba1	1745654075	0x6E823A2e7d612e97d423B2c30D07dbC765042b74	0x4c1f184689Aa1b415f80152dEE319C3db0651F7E	2815031	1529152433535	2938443209876543210	1269434	689568964067
1	0xb48bb53f0f2690c71e8813f2dc7ed6fca9ac4b0ace3faa37b4a8e5ece38fa1a2	860000000000000000	USDC	USD0++	22351848	347	127	0x9d04349cfdc41b82a23c3ce79952484d9138621c2a6ab7c0f2c9bec8eab17969	1745654099	0x2198f97Bb1AB4980367556D215ea22D1Eec1752C	0x4c1f184689Aa1b415f80152dEE319C3db0651F7E	1916045	1040813347092	2000044723353641824	816999	443801597141
1	0xb48bb53f0f2690c71e8813f2dc7ed6fca9ac4b0ace3faa37b4a8e5ece38fa1a2	860000000000000000	USDC	USD0++	22351848	354	128	0x4330cb7ea71446d2472030700e3125952a3205cc64e9da82939e9cb79d067157	1745654099	0xFbd9275BF42f21B7CB857E6C00FFCB99443718B5	0x4c1f184689Aa1b415f80152dEE319C3db0651F7E	3715861	2018490538931	3878767927111822531	2320328	1260424094088
1	0xb48bb53f0f2690c71e8813f2dc7ed6fca9ac4b0ace3faa37b4a8e5ece38fa1a2	860000000000000000	USDC	USD0++	22351850	494	126	0x07ca43702f9cf2b9d80150258b5b443c013ec4a77601d5e542d2e14e7eb38b4f	1745654123	0xD767bf953D355104737748f22355C0433aA9f3A6	0x4c1f184689Aa1b415f80152dEE319C3db0651F7E	120614	65518073375	125899336133489115	37816	20541598720
1	0xb48bb53f0f2690c71e8813f2dc7ed6fca9ac4b0ace3faa37b4a8e5ece38fa1a2	860000000000000000	USDC	USD0++	22351852	394	139	0x49fd3e704c3df0738e4afb9bc209f20b89af9955a8ff87b2f6b0f10e487ebe45	1745654147	0xE12829451577522cA93Fdfe592b67708efE2B7f8	0x4c1f184689Aa1b415f80152dEE319C3db0651F7E	636	344937449	661728395061729	331	179414165
1	0xb48bb53f0f2690c71e8813f2dc7ed6fca9ac4b0ace3faa37b4a8e5ece38fa1a2	860000000000000000	USDC	USD0++	22351852	402	141	0x39529e188ab29fe783aea069333fa987122f5009c5513008a4e46d721582f414	1745654147	0x10103d79Ac194EB0c4cc75742Bda65C18dFf335b	0x4c1f184689Aa1b415f80152dEE319C3db0651F7E	74099	40250669446	77345679012345680	35228	19136119607
1	0xb48bb53f0f2690c71e8813f2dc7ed6fca9ac4b0ace3faa37b4a8e5ece38fa1a2	860000000000000000	USDC	USD0++	22351854	418	135	0xdd5f7458449f861f56824aee768f6b23a4271faa5b5682d1613b607867439860	1745654171	0xD3583a7E132163b56422CaF0fab83B2db45ad806	0x4c1f184689Aa1b415f80152dEE319C3db0651F7E	97	52147979	100000000000000	50	26860588
1	0xb48bb53f0f2690c71e8813f2dc7ed6fca9ac4b0ace3faa37b4a8e5ece38fa1a2	860000000000000000	USDC	USD0++	22351854	425	136	0xbfae25d41f4951068c44d1cdf1688cdc39712f4cbd1fbc0dbf22ce3aaa6dd475	1745654171	0xC2308DcB1844e4bc0CB65cBcFE465e8d289A4c48	0x4c1f184689Aa1b415f80152dEE319C3db0651F7E	151126	82092325644	157749382716049383	73426	39885239354
1	0xb48bb53f0f2690c71e8813f2dc7ed6fca9ac4b0ace3faa37b4a8e5ece38fa1a2	860000000000000000	USDC	USD0++	22351857	482	188	0x3005cd51d16eec43352dc35f7b3103d70dfbf6cbfcaf0d4bb4ebc51fc2a43c71	1745654207	0xfd06BEB380829b7B980A143a051067BB8E7945d4	0x4c1f184689Aa1b415f80152dEE319C3db0651F7E	28567493	15518073143877	29819927473290052168	13848512	7522614226952
1	0xb48bb53f0f2690c71e8813f2dc7ed6fca9ac4b0ace3faa37b4a8e5ece38fa1a2	860000000000000000	USDC	USD0++	22351857	496	190	0x4e72a0c26658e3a29af4c0a172d4b827e65f240446aae1f4b99b5507326c69be	1745654207	0x3b0d0c080F8D293527AAbAA945236e178aD36374	0x4c1f184689Aa1b415f80152dEE319C3db0651F7E	34337224	18652233758326	35842611582681444170	1671521	907982413763
1	0xb48bb53f0f2690c71e8813f2dc7ed6fca9ac4b0ace3faa37b4a8e5ece38fa1a2	860000000000000000	USDC	USD0++	22351857	503	191	0xba921eb7fd193cd0d163734686e708ff9970a2977d41e1cc9e2693ff0e03b989	1745654207	0x2f466396b72a96A9807c3E27d111B4CCb862E26f	0x4c1f184689Aa1b415f80152dEE319C3db0651F7E	398332	216376348511	415793827160493828	191628	104093486075
1	0xb48bb53f0f2690c71e8813f2dc7ed6fca9ac4b0ace3faa37b4a8e5ece38fa1a2	860000000000000000	USDC	USD0++	22351857	510	192	0x56accb5ccf64fab69a7e7f4518e8f3e942f8c58a23f9c63b98f609d791c799c8	1745654207	0x405C056b551a4b809729d193Abd4a9E68abb7a94	0x4c1f184689Aa1b415f80152dEE319C3db0651F7E	839054	455779802476	875837037037037038	431559	234425817306
1	0xb48bb53f0f2690c71e8813f2dc7ed6fca9ac4b0ace3faa37b4a8e5ece38fa1a2	860000000000000000	USDC	USD0++	22351860	524	167	0x5fb0f941b877ba7cb9bee7c2037955dd5ca9f9e65cd15d700484a82dc7b9bcd7	1745654243	0xA9eDD40b4A07Bf2DC14F9Bf580eFcAdD85590cC1	0x4c1f184689Aa1b415f80152dEE319C3db0651F7E	11766	6390827015	12279012345679013	6085	3304944326
1	0xb48bb53f0f2690c71e8813f2dc7ed6fca9ac4b0ace3faa37b4a8e5ece38fa1a2	860000000000000000	USDC	USD0++	22351860	531	168	0x1f146af6a542e90fad6d8b13ab8ef02ddcba147069c48b59d6ec72aaa617f38b	1745654243	0x0184ebF5588beeC14272587B529A21DFFB2a06Eb	0x4c1f184689Aa1b415f80152dEE319C3db0651F7E	707079	384089518802	738076853663103510	225689	122595314262
1	0xb48bb53f0f2690c71e8813f2dc7ed6fca9ac4b0ace3faa37b4a8e5ece38fa1a2	860000000000000000	USDC	USD0++	22351860	538	169	0xd6823f25a63d1eb5feed3bab5777e8113bcb8106ad50db5ee5febbf3b0ec324c	1745654243	0x777d2F6b92E0F24651eFF0B47970876AcF5c2920	0x4c1f184689Aa1b415f80152dEE319C3db0651F7E	691244	375487840842	721546913580246914	332101	180399488922
1	0xb48bb53f0f2690c71e8813f2dc7ed6fca9ac4b0ace3faa37b4a8e5ece38fa1a2	860000000000000000	USDC	USD0++	22351860	545	170	0xea0d8361e667b3850bebd8d85595131ee2c52f6d152565abeba6c2d543e101d3	1745654243	0xee400629E165261BD9E75C973c5cF0582B89ca82	0x4c1f184689Aa1b415f80152dEE319C3db0651F7E	5714814	3104324811124	5965356790123456791	2488423	1351727660355
1	0xb48bb53f0f2690c71e8813f2dc7ed6fca9ac4b0ace3faa37b4a8e5ece38fa1a2	860000000000000000	USDC	USD0++	22351862	545	126	0xec65938e4af56f91588c0fcaffb3983898fa93f2146fcca5908dfc8128fb4add	1745654267	0x60753E8622a6CFEA1Df449A9625a9778BB922b72	0x4c1f184689Aa1b415f80152dEE319C3db0651F7E	8499942	4617221162981	8872588888888888889	3916157	2127280510904
1	0xb48bb53f0f2690c71e8813f2dc7ed6fca9ac4b0ace3faa37b4a8e5ece38fa1a2	860000000000000000	USDC	USD0++	22351862	552	127	0x914be30091fa47c03d348ae5d97f68d10f1ab4f32d62764487af6d996caabbab	1745654267	0x0C8c73a772D9a2d05B6fDdD6F22A9e1268B75a81	0x4c1f184689Aa1b415f80152dEE319C3db0651F7E	781390	424455396958	815645679012345680	366052	198841503877
1	0xb48bb53f0f2690c71e8813f2dc7ed6fca9ac4b0ace3faa37b4a8e5ece38fa1a2	860000000000000000	USDC	USD0++	22351864	415	211	0xb380e0fa442050a00ccbede1234bfb6a9d43adb36e91669f21dfda5853bddd7d	1745654291	0x922EDc4Cb63c8F10a72a52B36Ddc7f5CA6e111BC	0x4c1f184689Aa1b415f80152dEE319C3db0651F7E	1197921	650717098531	1250437037037037038	582214	316261612780
1	0xb48bb53f0f2690c71e8813f2dc7ed6fca9ac4b0ace3faa37b4a8e5ece38fa1a2	860000000000000000	USDC	USD0++	22351864	422	212	0xe2f2b53c033ac80a1fcf5ff6b8ab5061fa6bf78d5fbf1517d658552a374602a4	1745654291	0x1a4b438447eDC37Ba37d8a6eB10cB4B772ad8e79	0x4c1f184689Aa1b415f80152dEE319C3db0651F7E	4275586	2322522596290	4463031376948608671	9224097	5010582955185
1	0xb48bb53f0f2690c71e8813f2dc7ed6fca9ac4b0ace3faa37b4a8e5ece38fa1a2	860000000000000000	USDC	USD0++	22351866	569	237	0x69552f7552e13af3cef6605c5221e69b0943e6fc470c6e81363096b7949dfd92	1745654315	0x50Eb45e29F2ADBD80B934336F5334e151c268224	0x4c1f184689Aa1b415f80152dEE319C3db0651F7E	1869185	1015350753185	1951130864197530865	904152	491139880879
1	0xb48bb53f0f2690c71e8813f2dc7ed6fca9ac4b0ace3faa37b4a8e5ece38fa1a2	860000000000000000	USDC	USD0++	22351866	576	238	0x6ff1971f0c9b18f84b31fe18b9c38cd975af9f69c31c2b17d40a42badca77d1e	1745654315	0xbE988fC9F6F8ad1EBb3A58B6c25BD6be9D1F56fe	0x4c1f184689Aa1b415f80152dEE319C3db0651F7E	9536245	5180138786214	9954324340960288282	3048943	1656201620367
1	0xb48bb53f0f2690c71e8813f2dc7ed6fca9ac4b0ace3faa37b4a8e5ece38fa1a2	860000000000000000	USDC	USD0++	22351869	377	158	0x3e1e208d183b3038c380beae8086ff8b1419b8c071c9e1d570cc5f79bddd10ad	1745654351	0x25Ea5600b87A8d9731C8E2e7a10C0388Eaf85Bd6	0x4c1f184689Aa1b415f80152dEE319C3db0651F7E	126133	68515492105	131660954712362302	44242	24032037745
1	0xb48bb53f0f2690c71e8813f2dc7ed6fca9ac4b0ace3faa37b4a8e5ece38fa1a2	860000000000000000	USDC	USD0++	22351869	384	159	0xa0ed8f095e4f2a3e90e6cfd2da27faac79637a48511e124f911530fa69e7e5bb	1745654351	0x8BB562D7eC40948638aCCFEa95D2B82301A45DDa	0x4c1f184689Aa1b415f80152dEE319C3db0651F7E	1652572	897684294396	1725020448161118521	1797137	976213016571
1	0xb48bb53f0f2690c71e8813f2dc7ed6fca9ac4b0ace3faa37b4a8e5ece38fa1a2	860000000000000000	USDC	USD0++	22351869	391	160	0xef62283bd5ae67eeb4dff3a69d0a10792de66f835a62feff6838566a344cdedc	1745654351	0xe5c3D1d5610f6D391c76618d9b33574b5bEB131D	0x4c1f184689Aa1b415f80152dEE319C3db0651F7E	509185	276591129899	531506172839506173	212751	115567104115
1	0xb48bb53f0f2690c71e8813f2dc7ed6fca9ac4b0ace3faa37b4a8e5ece38fa1a2	860000000000000000	USDC	USD0++	22351869	398	162	0x9467187d5b631a56396c34508ab44b24d2e6415113937579061a7df8c192e504	1745654351	0xB911F3481056BDc24AAC921e6766F3A4E2C13222	0x4c1f184689Aa1b415f80152dEE319C3db0651F7E	14992702	8144105300486	15650000000000000000	3239037	1759459697118
1	0xb48bb53f0f2690c71e8813f2dc7ed6fca9ac4b0ace3faa37b4a8e5ece38fa1a2	860000000000000000	USDC	USD0++	22351869	405	163	0x32526742a4ada90bad4f1d5a1744389266a24043c6ce2077942bda3d12151e7f	1745654351	0x436f795B64E23E6cE7792af4923A68AFD3967952	0x4c1f184689Aa1b415f80152dEE319C3db0651F7E	3420855	1858223893136	3570827088710019871	1092858	593645389571
1	0xb48bb53f0f2690c71e8813f2dc7ed6fca9ac4b0ace3faa37b4a8e5ece38fa1a2	860000000000000000	USDC	USD0++	22351871	390	141	0x8ae57d4bb9bdc333e248e1fd19c0e57a3ae45e99245c575fa9082c9e74adcbde	1745654375	0x6Cf747C5C36A7faA85148dbE7eE1616e419E82f1	0x4c1f184689Aa1b415f80152dEE319C3db0651F7E	6160612	3346469954006	6430700000000000000	2975037	1616052226664
1	0xb48bb53f0f2690c71e8813f2dc7ed6fca9ac4b0ace3faa37b4a8e5ece38fa1a2	860000000000000000	USDC	USD0++	22351871	397	142	0x0c26aba1b810d0be2bbd1d1473361ebf6567723af86b66fc1f5f0bce8a9876f5	1745654375	0x5aCCb244160D23c7570ea5582db2ad8092fBb9cC	0x4c1f184689Aa1b415f80152dEE319C3db0651F7E	594600	322988692255	620666909251360414	246921	134128433255
1	0xb48bb53f0f2690c71e8813f2dc7ed6fca9ac4b0ace3faa37b4a8e5ece38fa1a2	860000000000000000	USDC	USD0++	22351871	404	143	0xd384d70f762e0b802ec27f210eacb0ef75ce8c0c7ca8d7592df62a5c094761cb	1745654375	0x9198dfd2914cdE6470080bbA5d56219A767de826	0x4c1f184689Aa1b415f80152dEE319C3db0651F7E	3635922	1975047670386	3795323456790123457	1641363	891595084601
1	0xb48bb53f0f2690c71e8813f2dc7ed6fca9ac4b0ace3faa37b4a8e5ece38fa1a2	860000000000000000	USDC	USD0++	22351873	317	138	0x254ab28c403503c4b3d99ea2bd2a5645db2c5834d33a7754120dde38259abdc7	1745654399	0x7750e779bCe64b38928111bA9459773b79bCD633	0x4c1f184689Aa1b415f80152dEE319C3db0651F7E	1577082	856676369984	1646221436474631899	23347741	12682581203090
1	0xb48bb53f0f2690c71e8813f2dc7ed6fca9ac4b0ace3faa37b4a8e5ece38fa1a2	860000000000000000	USDC	USD0++	22351876	167	70	0xa98d0222378ff4f37821d205a1f8ea035ee0f0b9a9319b6cdbee5cb1e7f21693	1745654435	0xdCD219C85863FC8eEcd8b743FaaBFc6de234c578	0x4c1f184689Aa1b415f80152dEE319C3db0651F7E	71076	38608161859	74189205784860105	45248	24578537301
1	0xb48bb53f0f2690c71e8813f2dc7ed6fca9ac4b0ace3faa37b4a8e5ece38fa1a2	860000000000000000	USDC	USD0++	22351876	185	73	0x7e0e2ad76d77e9489675fc44966c090dd00bf2b8e20aaa26396de524f1aeea73	1745654435	0x4a8b21A98Bcc62e55165385428EB46db402D3b16	0x4c1f184689Aa1b415f80152dEE319C3db0651F7E	474095	257529340921	494877777777777778	238484	129545085704
1	0xb48bb53f0f2690c71e8813f2dc7ed6fca9ac4b0ace3faa37b4a8e5ece38fa1a2	860000000000000000	USDC	USD0++	22351876	192	74	0xda0f264bcda339aebbe709babb3c3c831ba2b155b4098c263988ea45f2082edc	1745654435	0xC3ec9F6AD2BAe9E2a320cDCd2355Ce3AcD576E1c	0x4c1f184689Aa1b415f80152dEE319C3db0651F7E	1584759	860845493901	1654234249328035426	253958	137950360463
1	0xb48bb53f0f2690c71e8813f2dc7ed6fca9ac4b0ace3faa37b4a8e5ece38fa1a2	860000000000000000	USDC	USD0++	22351878	96	58	0x3850bd4e875d9eee1b7f2088efd701af02ba4efe87f5743498b1b82c4c322e00	1745654459	0x0e8fDA4B74D39244dfEe7C24417889F6DF8B8454	0x4c1f184689Aa1b415f80152dEE319C3db0651F7E	58225	31627432856	60775972759130938	30388	16506822011
1	0xb48bb53f0f2690c71e8813f2dc7ed6fca9ac4b0ace3faa37b4a8e5ece38fa1a2	860000000000000000	USDC	USD0++	22351878	103	59	0xabe54f6194f47845714bed4202978d51120f694cb5cc623f93e8069d3282a5ae	1745654459	0x5C9fe7577d1132ad95B62cd272A8ce5a0C0143AC	0x4c1f184689Aa1b415f80152dEE319C3db0651F7E	77043	41849420919	80418518518518519	36829	20005443332
1	0xb48bb53f0f2690c71e8813f2dc7ed6fca9ac4b0ace3faa37b4a8e5ece38fa1a2	860000000000000000	USDC	USD0++	22351878	110	60	0x379b12960cb2bb5d15b39bd08cf428acdd112c7373813f35df3c612007dbb6c4	1745654459	0xd2eda519196Fb6BaA1Aa602820130eF3093f9c23	0x4c1f184689Aa1b415f80152dEE319C3db0651F7E	1583032	859906683367	1652432098765432099	737384	400548747823
1	0xb48bb53f0f2690c71e8813f2dc7ed6fca9ac4b0ace3faa37b4a8e5ece38fa1a2	860000000000000000	USDC	USD0++	22351880	222	61	0xdda0ab56b176237beb060ea55acd3ee358abcce6546302e79b8f2e472ebb3f12	1745654483	0x9C6EA06F607e5EbC8aA3bB0C29CD8b8035494E72	0x4c1f184689Aa1b415f80152dEE319C3db0651F7E	191602	104078092206	200000000000000000	82410	44765031559
1	0xb48bb53f0f2690c71e8813f2dc7ed6fca9ac4b0ace3faa37b4a8e5ece38fa1a2	860000000000000000	USDC	USD0++	22351880	229	62	0xe952b4d1a11b138d414a4f881f8ceed300accc981ac73043dce18438bc2da2a8	1745654483	0x171188604de6E87D9EE6C7ac948c6E1089bAAcF2	0x4c1f184689Aa1b415f80152dEE319C3db0651F7E	20215850	10981294451233	21102137733676678087	7052360	3830857319157
1	0xb48bb53f0f2690c71e8813f2dc7ed6fca9ac4b0ace3faa37b4a8e5ece38fa1a2	860000000000000000	USDC	USD0++	22351880	236	63	0xd332f0311ddfb92d5050f4cac9f638dcb635ca0863738d8e3718c1db6b5c3cbc	1745654483	0x0F9747F9332c4B8292dEb69f12954e2adCaE01E4	0x4c1f184689Aa1b415f80152dEE319C3db0651F7E	3347453	1818343425220	3494207407407407408	1661140	902334719633
1	0xb48bb53f0f2690c71e8813f2dc7ed6fca9ac4b0ace3faa37b4a8e5ece38fa1a2	860000000000000000	USDC	USD0++	22351882	534	245	0xd93648183ee52940ad50763deb4bc34d46fe5de73ca231a6d347d644284ebc75	1745654507	0x0ea9F207cC1e92F72a6c7dF5eA3d7Ef46c47cdA2	0x4c1f184689Aa1b415f80152dEE319C3db0651F7E	85780	46595307472	89538271604938272	39805	21621686788
1	0xb48bb53f0f2690c71e8813f2dc7ed6fca9ac4b0ace3faa37b4a8e5ece38fa1a2	860000000000000000	USDC	USD0++	22351884	525	219	0x39088d7fc057c9b85924e0602ad32c8e928063214ac57c88863f920b3ce69e6a	1745654531	0x7257C4D0525D8071066952080bA86DCdCC5E9e4f	0x4c1f184689Aa1b415f80152dEE319C3db0651F7E	12187296	6620155298607	12721601234567901235	6070703	3297614026368
1	0xb48bb53f0f2690c71e8813f2dc7ed6fca9ac4b0ace3faa37b4a8e5ece38fa1a2	860000000000000000	USDC	USD0++	22351884	532	220	0x680c12f6cdd908fc42e9d8355bae466bd3ce793b7d5dc3cdbd59c39eec62ec49	1745654531	0xdd66522E580D95517205F1f74791a7132E2873Df	0x4c1f184689Aa1b415f80152dEE319C3db0651F7E	1704039	925635770999	1778744444444444445	781195	424345843442
1	0xb48bb53f0f2690c71e8813f2dc7ed6fca9ac4b0ace3faa37b4a8e5ece38fa1a2	860000000000000000	USDC	USD0++	22351886	1242	254	0x659859d7f8587aae733e46470594fd9c09105f09d94e05685b7b88080cb7cbc6	1745654555	0xf9AC999C5eF655C6d36cF9E77c82DB6d63C2645c	0x4c1f184689Aa1b415f80152dEE319C3db0651F7E	4790002	2601933013268	5000000000000000000	1555526	844963141260
1	0xb48bb53f0f2690c71e8813f2dc7ed6fca9ac4b0ace3faa37b4a8e5ece38fa1a2	860000000000000000	USDC	USD0++	22351886	1249	255	0x87fca27116e4a2282d2bdfed2fe7a5cfe48edce5cad6a77afad9dca89853029c	1745654555	0x9CbF060354b1E66bF3066142E9c90def47a8B478	0x4c1f184689Aa1b415f80152dEE319C3db0651F7E	526	285180491	546913580246914	239	129636999
1	0xb48bb53f0f2690c71e8813f2dc7ed6fca9ac4b0ace3faa37b4a8e5ece38fa1a2	860000000000000000	USDC	USD0++	22351888	460	193	0x9b7a1468105a3292e6db13559cd5f4fdadb87dc10aeab17e0ef369e86a4e0dcf	1745654579	0xc0304f36177C3016Eb81F91232660c36e50bbA7a	0x4c1f184689Aa1b415f80152dEE319C3db0651F7E	3594165	1952351683192	3751735802469135803	1524070	827875053606
1	0xb48bb53f0f2690c71e8813f2dc7ed6fca9ac4b0ace3faa37b4a8e5ece38fa1a2	860000000000000000	USDC	USD0++	22351888	467	194	0x96c1139a3f335ce0b954eab82c8e1629bdf332fe1d263e5e9fe3807701b94f32	1745654579	0x824563BCA2a00E8D783348F2d693B5d607a8101A	0x4c1f184689Aa1b415f80152dEE319C3db0651F7E	25313	13749491083	26420987654320988	12523	6802036559
1	0xb48bb53f0f2690c71e8813f2dc7ed6fca9ac4b0ace3faa37b4a8e5ece38fa1a2	860000000000000000	USDC	USD0++	22351888	474	195	0x9c3f17080051f603f88b054ef1f5e1bf6947cb23990deb78f385d97b4c8c6c96	1745654579	0xA6cAb323B3780965A9B74D594e5D87eC7Ea8F799	0x4c1f184689Aa1b415f80152dEE319C3db0651F7E	1158221	629145685076	1208996328029375765	437590	237698674544
1	0xb48bb53f0f2690c71e8813f2dc7ed6fca9ac4b0ace3faa37b4a8e5ece38fa1a2	860000000000000000	USDC	USD0++	22351891	186	132	0x49441beb38d5010c1faae23a1d565daf348d6fc56b2efc55512986208eb1bd65	1745654615	0x5A780948531578E39528904b56c3Af5095437A0A	0x4c1f184689Aa1b415f80152dEE319C3db0651F7E	10507	5706857662	10965432098765433	5433	2950708731
1	0xb48bb53f0f2690c71e8813f2dc7ed6fca9ac4b0ace3faa37b4a8e5ece38fa1a2	860000000000000000	USDC	USD0++	22351891	193	133	0x865ba98c859618ce5a17aa227beea5542ca174e12c7b9f00301e8d2abb47c18b	1745654615	0xE8E83b88cA32Be8b7596e2978FD4F24C2FE265Cd	0x4c1f184689Aa1b415f80152dEE319C3db0651F7E	9580002	5203855146258	10000000000000000000	2961276	1608564569640
1	0xb48bb53f0f2690c71e8813f2dc7ed6fca9ac4b0ace3faa37b4a8e5ece38fa1a2	860000000000000000	USDC	USD0++	22351891	200	134	0xec0869c9848c9d5d5c92bce79362c58d03a4f7a9c59d4a3c29e40155a59d2db2	1745654615	0x0FA0d2F85a7Ac56Ded14F4d0cC61775d22D5c071	0x4c1f184689Aa1b415f80152dEE319C3db0651F7E	470625	255642888377	491255555555555556	222241	120720738209
1	0xb48bb53f0f2690c71e8813f2dc7ed6fca9ac4b0ace3faa37b4a8e5ece38fa1a2	860000000000000000	USDC	USD0++	22351891	207	135	0xcecbce289831a5b9d7c00349ae901b936b459cc6079553c835d7f8ea2416fcde	1745654615	0x126E2Aa7F446e45650792BD5A5E6EC4fAE613D05	0x4c1f184689Aa1b415f80152dEE319C3db0651F7E	10352030	5623220654974	10805874074074074075	5157251	2801417908376
1	0xb48bb53f0f2690c71e8813f2dc7ed6fca9ac4b0ace3faa37b4a8e5ece38fa1a2	860000000000000000	USDC	USD0++	22351893	1319	205	0x223aec84db52ad5c1d08685b83ac96949df242476282c8f32c2ccbcaaa8460a0	1745654639	0x9F1DAFE36786701B22cAEFC3DAB70dd8Ab8082d8	0x4c1f184689Aa1b415f80152dEE319C3db0651F7E	415659	225785187970	433880246913580247	199370	108297502251
1	0xb48bb53f0f2690c71e8813f2dc7ed6fca9ac4b0ace3faa37b4a8e5ece38fa1a2	860000000000000000	USDC	USD0++	22351893	1326	206	0xd2b4e9b759758eadb52ffe46945c8ba164013101ff736bef6a990605e4266394	1745654639	0x3767187082Ae3b6AC20b6DF61f865FAF706a9Ff8	0x4c1f184689Aa1b415f80152dEE319C3db0651F7E	7957459	4322486640032	8306322222222222223	3610824	1961397366032
1	0xb48bb53f0f2690c71e8813f2dc7ed6fca9ac4b0ace3faa37b4a8e5ece38fa1a2	860000000000000000	USDC	USD0++	22351958	242	280	0x196412faf0c8b078ff938ee9dd96c6313cdbb4567da1ce69bb6077a27b5958d4	1745655419	0x7951836dC6facade73d793eC7ddF27356dD10521	0x4c1f184689Aa1b415f80152dEE319C3db0651F7E	24942695	13548511615925	26036214198286413709	9113232	4950175860770
1	0xb48bb53f0f2690c71e8813f2dc7ed6fca9ac4b0ace3faa37b4a8e5ece38fa1a2	860000000000000000	USDC	USD0++	22351958	249	281	0x7d6f62daecc85a155d674274468209d455c19eba3bc527ee6a470418af76bed6	1745655419	0xF9358AAebe2af50BEA6Ab479756B25f5a78a4C48	0x4c1f184689Aa1b415f80152dEE319C3db0651F7E	21363402	11604291297169	22300000000000000000	5594726	3038974332966
1	0xb48bb53f0f2690c71e8813f2dc7ed6fca9ac4b0ace3faa37b4a8e5ece38fa1a2	860000000000000000	USDC	USD0++	22351960	370	138	0x0eb8796e8df18c8ac9a4f2e2406abca2cfcf1bde8b22f35909c26ca3c306c068	1745655443	0xf83b72fB50492B58e915A02aDeAeadDAaB2fC284	0x4c1f184689Aa1b415f80152dEE319C3db0651F7E	13093607	7112252483901	13667646266829865362	5179998	2813697730243
1	0xb48bb53f0f2690c71e8813f2dc7ed6fca9ac4b0ace3faa37b4a8e5ece38fa1a2	860000000000000000	USDC	USD0++	22351960	377	139	0xf512ddc918a58b5c712295f4b2238d327e2cf2569ae651ae4111b051f470098d	1745655443	0x814326957e40AFAF06886DBA40CdB05623816Ff3	0x4c1f184689Aa1b415f80152dEE319C3db0651F7E	1326591	720584003597	1384748148148148149	628735	341519095850
1	0xb48bb53f0f2690c71e8813f2dc7ed6fca9ac4b0ace3faa37b4a8e5ece38fa1a2	860000000000000000	USDC	USD0++	22351963	204	92	0x90eea787d98eb46703e46ac264ac20ac3777ff0036cf9801e7750d099b23bf9b	1745655479	0xf4231972c482d61d9C7e2ECc2bC91f3552f27BA4	0x4c1f184689Aa1b415f80152dEE319C3db0651F7E	4790002	2601854500633	5000000000000000000	393370	213672002543
1	0xb48bb53f0f2690c71e8813f2dc7ed6fca9ac4b0ace3faa37b4a8e5ece38fa1a2	860000000000000000	USDC	USD0++	22351963	211	93	0x8ac9c04093d9934ca9913af32f7f91aaa07a12a260901c85a9b1be5b4f2000bf	1745655479	0x340838bAa5750730073C9439F63CEF8b1Db14160	0x4c1f184689Aa1b415f80152dEE319C3db0651F7E	258662	140500657076	270000000000000000	91269	49575710638
1	0xb48bb53f0f2690c71e8813f2dc7ed6fca9ac4b0ace3faa37b4a8e5ece38fa1a2	860000000000000000	USDC	USD0++	22351963	218	94	0xdca4d03628a1ebace7def127274d4e782079aee9b48e230f090fdaf67a3b3e73	1745655479	0x507aD591d3FE21Dff62D36784Eac259Ae5b0410d	0x4c1f184689Aa1b415f80152dEE319C3db0651F7E	331562	180098810432	346096296296296297	159371	86567796640
1	0xb48bb53f0f2690c71e8813f2dc7ed6fca9ac4b0ace3faa37b4a8e5ece38fa1a2	860000000000000000	USDC	USD0++	22351963	225	96	0x166e3b23346ef42266ab25fdb3564fd343832c7921194db9483a465be2b4b69f	1745655479	0xF83cd53a6Adb83E531B5CAf89bF7478429B98e69	0x4c1f184689Aa1b415f80152dEE319C3db0651F7E	535334	290784611460	558801234567901235	256849	139516138746
1	0xb48bb53f0f2690c71e8813f2dc7ed6fca9ac4b0ace3faa37b4a8e5ece38fa1a2	860000000000000000	USDC	USD0++	22351963	232	97	0x8319aea09e0a5a054b28470a22eea3c957fa5613963f6398c39fc117445ec4b0	1745655479	0x9eC804a308C6d2BA376353208d86FC2aBCBe98F9	0x4c1f184689Aa1b415f80152dEE319C3db0651F7E	24021008	13047839745833	25074118577884723705	6906065	3751267658707
1	0xb48bb53f0f2690c71e8813f2dc7ed6fca9ac4b0ace3faa37b4a8e5ece38fa1a2	860000000000000000	USDC	USD0++	22351965	437	95	0x120400d1df6a12e2fe9a2061ae9e317cf057b7615e9ac2ab57e5693b5b289893	1745655503	0xA65882d3Be5555C7Ac619C926c14bB1539183dF0	0x4c1f184689Aa1b415f80152dEE319C3db0651F7E	836616	454435997430	873292592592592593	411729	223644479740
1	0xb48bb53f0f2690c71e8813f2dc7ed6fca9ac4b0ace3faa37b4a8e5ece38fa1a2	860000000000000000	USDC	USD0++	22351965	444	96	0x16a518c02d8261cb246ee9d03c253f2a0f4fc61d3ac53b81ca6ca651834a7625	1745655503	0xC44247CE192fb18f2135f566ccDEa6c56d704561	0x4c1f184689Aa1b415f80152dEE319C3db0651F7E	198039	107571100381	206719753086419754	99958	54295356572
1	0xb48bb53f0f2690c71e8813f2dc7ed6fca9ac4b0ace3faa37b4a8e5ece38fa1a2	860000000000000000	USDC	USD0++	22351965	451	97	0x3486ff78cfe4d1a01cc320ae1bfe5a16f8c14888c9a61b0d4b2aa0e0ede8cfb9	1745655503	0xED1718Ee438163BDb18ea3fDE32aFb36A93fd3B6	0x4c1f184689Aa1b415f80152dEE319C3db0651F7E	3606177	1958817605145	3764274282551235019	524198	284735691453
1	0xb48bb53f0f2690c71e8813f2dc7ed6fca9ac4b0ace3faa37b4a8e5ece38fa1a2	860000000000000000	USDC	USD0++	22351967	307	160	0xd7b960b0cf0519042a4693e130d0128b6c6dff0dc1c2215664d204e2480c6a32	1745655527	0x38FB4b858873b4Db0F416b6dbf1BeC1d967b93Fe	0x4c1f184689Aa1b415f80152dEE319C3db0651F7E	4209280	2286411882053	4393818518518518519	1892037	1027723424427
1	0xb48bb53f0f2690c71e8813f2dc7ed6fca9ac4b0ace3faa37b4a8e5ece38fa1a2	860000000000000000	USDC	USD0++	22351967	321	162	0xfd72aa3259f578dada887d16f86d6a21b6c8d4ef9dcaa4e4d5148ec3fe3ad818	1745655527	0x4C1C6fAE2CCD2D9EE25A80a24d09cC1f81635892	0x4c1f184689Aa1b415f80152dEE319C3db0651F7E	12542074	6812650048943	13091933333333333334	5823715	3163347094701
1	0xb48bb53f0f2690c71e8813f2dc7ed6fca9ac4b0ace3faa37b4a8e5ece38fa1a2	860000000000000000	USDC	USD0++	22351971	526	169	0xa82fbcc14ef759ce2de8f1adfb75de9052b57a851f899bfec6469532eb9205d5	1745655575	0x8c976A43F34fE14313E65B90EC5A396617cfb525	0x4c1f184689Aa1b415f80152dEE319C3db0651F7E	6522041	3542660795702	6807973092806084821	1264541	686877080604
1	0xb48bb53f0f2690c71e8813f2dc7ed6fca9ac4b0ace3faa37b4a8e5ece38fa1a2	860000000000000000	USDC	USD0++	22351971	533	170	0x2a7084126fb0fadbb04397b27097273b87e46dde80cf694126128124fa757e41	1745655575	0xd1db1b014513ffCC2a3B204A8483d9243D08b684	0x4c1f184689Aa1b415f80152dEE319C3db0651F7E	367623	199685995180	383737037037037038	102638	55750754508
1	0xb48bb53f0f2690c71e8813f2dc7ed6fca9ac4b0ace3faa37b4a8e5ece38fa1a2	860000000000000000	USDC	USD0++	22351971	540	171	0xf763f30fecb1ba5852be8a42808dd0e94477aafaefe03a2711530c437ca8a608	1745655575	0x5C3BEf3654C79d6FBFc0c8a2c47E4972412a3F04	0x4c1f184689Aa1b415f80152dEE319C3db0651F7E	958002	520369791053	1000000000000000000	310332	168566655236
1	0xb48bb53f0f2690c71e8813f2dc7ed6fca9ac4b0ace3faa37b4a8e5ece38fa1a2	860000000000000000	USDC	USD0++	22351971	547	173	0xe26d9ce796622c7832d1dd48533253826dd93d4b9a9712d15213cc55bb4de431	1745655575	0x964124F9371D11F95c4873266f4560919D8BcE46	0x4c1f184689Aa1b415f80152dEE319C3db0651F7E	5883068	3195581580194	6140987654320987655	2647715	1438193290149
1	0xb48bb53f0f2690c71e8813f2dc7ed6fca9ac4b0ace3faa37b4a8e5ece38fa1a2	860000000000000000	USDC	USD0++	22351971	554	174	0xd6430ae413250d503874ca841127345bea1123414e018524fe75dd58b14fb6fd	1745655575	0xdB7959083356A77372601416A8f2F3268e9441ed	0x4c1f184689Aa1b415f80152dEE319C3db0651F7E	12256631	6657592223331	12793976543209876544	6016837	3268243029407
1	0xb48bb53f0f2690c71e8813f2dc7ed6fca9ac4b0ace3faa37b4a8e5ece38fa1a2	860000000000000000	USDC	USD0++	22351971	581	183	0x1f1cca72059608f90c9c6c5d16ccae786fda8c052e5ca632529ee45b53a51241	1745655575	0xe7B52935686Bc5E44F9886EbF2bd994aEDC29415	0x4c1f184689Aa1b415f80152dEE319C3db0651F7E	1175079	638282314781	1226593827160493828	595256	323332860545
1	0xb48bb53f0f2690c71e8813f2dc7ed6fca9ac4b0ace3faa37b4a8e5ece38fa1a2	860000000000000000	USDC	USD0++	22351973	340	128	0x6f6bc1f96700dc669a14d3be2752922392ed9db4ba533a062bda3c1f8e310093	1745655599	0xF07CeA8A16B442A1B9fE7FaE1E153fA473F2D355	0x4c1f184689Aa1b415f80152dEE319C3db0651F7E	800659	434903443927	835758024691358025	380573	206720511431
1	0xb48bb53f0f2690c71e8813f2dc7ed6fca9ac4b0ace3faa37b4a8e5ece38fa1a2	860000000000000000	USDC	USD0++	22351973	347	129	0x0b7fd47d5cc446af4c5e6e142aff8c1734273d54d38e95d10f54f21df1842b3b	1745655599	0x71c4a94902acCc09f21827dF563147b05E4C77C7	0x4c1f184689Aa1b415f80152dEE319C3db0651F7E	1972945	1071668728764	2059439506172839507	1017026	552430467706
1	0xb48bb53f0f2690c71e8813f2dc7ed6fca9ac4b0ace3faa37b4a8e5ece38fa1a2	860000000000000000	USDC	USD0++	22351973	354	130	0x1547ac6bd98e98ad934b0a48e82a28189230157d7df420c3937fdd6e6b775263	1745655599	0x0000040f1111c5C3d2037940658Ee770BB37e0a2	0x4c1f184689Aa1b415f80152dEE319C3db0651F7E	1910445	1037719821363	1994199123456790124	25281519	13732479486656
1	0xb48bb53f0f2690c71e8813f2dc7ed6fca9ac4b0ace3faa37b4a8e5ece38fa1a2	860000000000000000	USDC	USD0++	22351975	590	167	0x48e5094c1c0be68e0a296acc7b336e6d79ebba7bca4c7b5167f02bd2556681c5	1745655623	0xf65e4B2147729DE2F6C0e099787199BEb4577cDA	0x4c1f184689Aa1b415f80152dEE319C3db0651F7E	4818988	2617587704065	5030256790123456791	2371216	1288001962881
1	0xb48bb53f0f2690c71e8813f2dc7ed6fca9ac4b0ace3faa37b4a8e5ece38fa1a2	860000000000000000	USDC	USD0++	22351975	597	168	0x2fab3bff2ce6ad9f05df004a8b6cd17915c4622bd85a9a3ac0715407c45d0139	1745655623	0x2E7f6543701Eb0f2543fCBAf97423c60198eF162	0x4c1f184689Aa1b415f80152dEE319C3db0651F7E	24178690	13133432212412	25238714017638947609	10713326	5819286943636
1	0xb48bb53f0f2690c71e8813f2dc7ed6fca9ac4b0ace3faa37b4a8e5ece38fa1a2	860000000000000000	USDC	USD0++	22351977	53	48	0x3c1c60a2914cf404700a490696b19afc4ddd23160c05107c95822d8020d0e819	1745655647	0xfe357C7E094C575C106C72b4c689ce0031869958	0x4c1f184689Aa1b415f80152dEE319C3db0651F7E	1770278	961582180288	1847887280871927576	953051	517679726326
1	0xb48bb53f0f2690c71e8813f2dc7ed6fca9ac4b0ace3faa37b4a8e5ece38fa1a2	860000000000000000	USDC	USD0++	22351977	60	49	0xce3e31e9f5afee06df492292183638c73120289a5b5d12dccf3898c96998b9c0	1745655647	0xc54ed62D82340A503A928601277de4dD6C14e11A	0x4c1f184689Aa1b415f80152dEE319C3db0651F7E	11496002	6244418087199	12000000000000000000	5816344	3159331778379
1	0xb48bb53f0f2690c71e8813f2dc7ed6fca9ac4b0ace3faa37b4a8e5ece38fa1a2	860000000000000000	USDC	USD0++	22351979	575	274	0x433663abbc0b6387a05b8ac9ab83a1647d36628a54348ea75ea5942a47d1b33b	1745655671	0x583bBaDA56bb535BCBb31877A620A6ff2A25CeA5	0x4c1f184689Aa1b415f80152dEE319C3db0651F7E	12667	6879935367	13220318237454101	1380	749056222
1	0xb48bb53f0f2690c71e8813f2dc7ed6fca9ac4b0ace3faa37b4a8e5ece38fa1a2	860000000000000000	USDC	USD0++	22351979	582	275	0xd95a4fb947e3f8e532a304b21aa6bad9d2c5e66ecf3305cfcec056315494f067	1745655671	0x8cF294d67048EF09e466b368FdFD76B53AE88182	0x4c1f184689Aa1b415f80152dEE319C3db0651F7E	1988527	1080130299801	2075704938271604939	1017470	552670548226
1	0xb48bb53f0f2690c71e8813f2dc7ed6fca9ac4b0ace3faa37b4a8e5ece38fa1a2	860000000000000000	USDC	USD0++	22351981	438	223	0x0ef3ea61ee11fc171b587bddcab7a147532c21652dda48697b8aefb8d677045a	1745655695	0x0f0426C815d4FDF413DAaBBAde54Fe4460454e8A	0x4c1f184689Aa1b415f80152dEE319C3db0651F7E	1222020	663777502181	1275592411260709915	284521	154545967019
1	0x147977320f168afc651b7e5a1849cc1b1e64e329e1bf0212fa49dcb2856074a4	915000000000000000	USDC	PT-USD0++-27MAR2025	22572029	3	0	0x93478d1b435a1ef2bb452a0c3213a9a4f045668c39b192b7e7998eba9655972a	1748323595	0xa5b3F598431178eB8a63Ffc57a77cbaDF6e1A391	0x1f2F10D1C40777AE1Da742455c65828FF36Df387	37996329	19530560658302	42381072119654721025	19589410	10069188135404
1	0x676eca446d11a2d95a1fcd87706411ebc50c1e84916f073216150c52540d4a77	915000000000000000	USDC	USDf	22706131	486	39	0xc76c317d575cdfe33b0b983f69495f79575ebf50dcd82d2ddd29d9f82fe630e5	1749944363	0x8e446136EA4BB205902238E443654d4B10611756	0x0000E0Ca771e21bD00057F54A68C30D400000000	15629712	11085204227673	16035419706864000000	2601079	1844787691084
1	0x6c65bb7104ae6fc1dc2cdc97fcb7df2a4747363e76135b32d9170b2520bb65eb	860000000000000000	USDC	arUSD	22805502	408	164	0x3436ab0d3f491ee6230482ec0cbc35ae68856c88c9a8b06edc04537c4bb99dfb	1751144711	0xC82b8b4b8C71eCB42e21Fbb8Bb1bf0DFffeD7423	0x85593464c9dd38eC4625EF44e60CD6e8045Aa067	787123	579093029069	694399792924138661	20833	15326719857
1	0x7e79c25831c97175922df132d09b02f93103a2306b1d71e57a7714ddd4c15d13	980000000000000000	USDC	USDC	22809314	144	38	0x6b8fcae40f8f51c05c9ca2ce3ab0a562c76a9e018e5c24858df317417c197646	1751190827	0xEa7B5Ef1755e82a0d4Eb09d9D8caD96E8B221889	0xcFF49Fd92e5073FF3Cc6c192000B027A61b95af6	268694	258260327919	2703132300	1766362396	1697778996335603
1	0x6c65bb7104ae6fc1dc2cdc97fcb7df2a4747363e76135b32d9170b2520bb65eb	860000000000000000	USDC	arUSD	23001889	403	170	0xce9a4736ead777f58c5735587d29fcf3f2553bce558213bbae28f4704203f293	1753515659	0xa8c2D5698334DcDCbBb04f25C5Bc8D8301A9A660	0x85593464c9dd38eC4625EF44e60CD6e8045Aa067	842114	358097339980	731196027283311577	12562	5341565293
1	0x2f94feaa932b09ef82b27f72661fbd770444ce350f9ebd6f1248c391bfd669b1	915000000000000000	USDC	sUSDf	23304816	418	158	0x2729af62c5c11c23ad4f878db097f4b1a0304be788a633a87e8ddb5555169e2a	1757170895	0x2C1C56C538D92C3eCaFD7e01d32CDc93Cd1894d2	0x46BA7bCD764a692208781B0Fdc642E272ee597bC	9333039	3690409499660	9577257461934368592	51484	20357120280
1	0x97efa214630ff5ed8f2194e7f173344f3a2f93bf8f5c6653d0509312efc9fae1	860000000000000000	USDC	PT-mEDGE-31JUL2025	23531278	337	128	0x1873c6a6f6da8e368334b1190a3a68aaeb7f0fc525e14e27b18fdd7d14767b3f	1759905251	0xc295007e361c22b989F709274a0ff3680BeF0833	0x85593464c9dd38eC4625EF44e60CD6e8045Aa067	5892664	3768263980839	6151000	1915456	1224902986142
1	0xe61a903174169e4897669e9bc4419eb7582b36d1a3d3df633dccab88da6e2ccd	915000000000000000	USDC	PT-lvlUSD-25SEP2025	23646193	679	248	0xc56423461c8c20fe8859a1c8899693a2b1779745d0492d033485d443f8130e88	1761295211	0xF4A65305739a8B7F5E8b2994F509349f7cf97789	0x0170F42f224b99CcbbeE673093589c5f9691dd06	2998147	2639236169594	3076598714740557041	41070	36152893301
1	0xbc552f0b14dd6f8e60b760a534ac1d8613d3539153b4d9675d697e048f2edc7e	915000000000000000	USDC	PT-sUSDE-31JUL2025	23683306	376	187	0x3398ebe672bb50ae43adddefaa3fc343976130febc810ff036b33562f50e05c1	1761743975	0x52A67b4a9dAAc614C946232cf476fc4030FD2c47	0x0170F42f224b99CcbbeE673093589c5f9691dd06	18115433	12040619092690	18589462180607743677	5636010	3746034893256
1	0x544b0a093b130a3fb01b72a1279ab848575f049c73da3b5c9c718f9350a1519c	915000000000000000	USDC	PT-csUSDL-31JUL2025	23767102	631	198	0x1177a789967c7ebe3fb96ab8dd7937f5a9ff17c02c984ed26fc728a721587d4f	1762756475	0x0c5E550e4052d32Bbb54939cC6B8667C83D92196	0x85593464c9dd38eC4625EF44e60CD6e8045Aa067	5914151	3350373823455	6068906660502836028	2600173	1473001236090
1	0x0f8ff4fa22195841e7fd1e0520f650a4d71247f75b9a1eb4ecabe111776a118c	860000000000000000	USDC	mEDGE	23947361	621	169	0x1f4199ca039b2eee30302fcff0b23b59d1962640f662db4be26b079ccaec25d2	1764945167	0xd1C7e1c1Ef4Bc499f7824447BE9D60A9a45fDDAB	0x748186e583794D3E52E9aFfeb76C15d4A209d110	26759542	19541442136258	25900885027775503587	94808	69233836071
1	0x0f8ff4fa22195841e7fd1e0520f650a4d71247f75b9a1eb4ecabe111776a118c	860000000000000000	USDC	mEDGE	23947386	965	438	0x4e0e2ae5170936e9f80ea1417d88302b247f33c545b1a97d0f2b83e6e77e19bb	1764945467	0x19AFbad64bDbcD0FE294CCeFc9F88b1D84Ec12F5	0x748186e583794D3E52E9aFfeb76C15d4A209d110	1033154	754461525094	1000000000000000000	70987	51838034841
1	0x0f8ff4fa22195841e7fd1e0520f650a4d71247f75b9a1eb4ecabe111776a118c	860000000000000000	USDC	mEDGE	23947394	688	199	0x04b4af0226def3409cbcdc4e18db7ad2db78f299e7ecbad2ed91c969271d650e	1764945563	0xd28BA186B1C37C00cCb158f2B870BdA79370cA3d	0x748186e583794D3E52E9aFfeb76C15d4A209d110	517101	377611600217	500506356327006743	2257138	1648272071974
1	0xb323495f7e4148be5643a4ea4a8221eef163e4bccfdedc2a6f4696baacbc86cc	860000000000000000	USDC	wstETH	23974474	309	182	0x448fabeba247540c8f0169b63e2220d9ca2c3230c57369076be2cb47a489ee1d	1765274291	0xB0F9f73a241f6A0D8551F21ADcd1fB06080Af4F2	0x01B754d3114cCf1C3cEb707Bd9e963fb63A2BD18	483906	428057784699	132666543832390	18764	16598445129
1	0x3a85e619751152991742810df6ec69ce473daef99e28a64ab2340d7b7ccfee49	860000000000000000	USDC	WBTC	23974980	778	200	0x827bcca5dac6f49f9e0a349578fa5ad5fa23355fc2ebc264d13cb215f0a03a82	1765280399	0x8D3C88001290A7791CB53d1620D77351CcA9dF8f	0x01B754d3114cCf1C3cEb707Bd9e963fb63A2BD18	392745	347720722908	455	10917	9665057259
1	0xbc552f0b14dd6f8e60b760a534ac1d8613d3539153b4d9675d697e048f2edc7e	915000000000000000	USDC	PT-sUSDE-31JUL2025	23979125	186	22	0xb2039a020883733bb85f2c28da19bbbc41b5a144d15d05a500b440e21f7aef19	1765330883	0xc295007e361c22b989F709274a0ff3680BeF0833	0x6bf9Ea00A82797bCB5c94ba86fA3f68f6dB090a6	7897715	4847472115231	8104374391892770574	3428689	2104466015009
1	0x0f8ff4fa22195841e7fd1e0520f650a4d71247f75b9a1eb4ecabe111776a118c	860000000000000000	USDC	mEDGE	24055697	2725	278	0x2d80a843b31a6111b9559f5a1abb3bdc535c03f398007db7a1ae9481c46955ef	1766256419	0xf603265f91f58F1EfA4fAd57694Fb3B77b25fC18	0x748186e583794D3E52E9aFfeb76C15d4A209d110	11417327	5981355623645	11000000000000000000	23882	12511913153
1	0xee8b6a54d60c18af9085cef5f90fb3de887f4ebe3f84e21c8222740c1de6d79e	915000000000000000	USDC	PT-csUSDL-30OCT2025	24069458	367	38	0x8749ba55264e9df8fd24211bb2388a05da8e2457824b8a63083039454caa7b73	1766422271	0x9b70cbe99bD57280C9FD68F5C7F118b8eCdd9cdb	0x85593464c9dd38eC4625EF44e60CD6e8045Aa067	2	902580	102110035950829000000	93512004	84401995839887
1	0xee8b6a54d60c18af9085cef5f90fb3de887f4ebe3f84e21c8222740c1de6d79e	915000000000000000	USDC	PT-csUSDL-30OCT2025	24069463	174	135	0x09911fd86a0332eec9819a566be97e3777208dfa321a84ea54f541236c225134	1766422331	0x3b574aC3c71f2f4a641F9E94fF15C743782D4dF9	0x85593464c9dd38eC4625EF44e60CD6e8045Aa067	2	902578	40307431311965200000	36955336	33355062442834
1	0xee8b6a54d60c18af9085cef5f90fb3de887f4ebe3f84e21c8222740c1de6d79e	915000000000000000	USDC	PT-csUSDL-30OCT2025	24069466	258	114	0xefb65eb8c9a984414a98b7caa3ef6253cda9130ae67a6b9c86cb9e8c799cfc38	1766422367	0xa1FbE27FF1030903c0c1255da133a911E4900a05	0x85593464c9dd38eC4625EF44e60CD6e8045Aa067	2	902577	34282490332063700000	31481313	28414302364515
1	0xee8b6a54d60c18af9085cef5f90fb3de887f4ebe3f84e21c8222740c1de6d79e	915000000000000000	USDC	PT-csUSDL-30OCT2025	24069470	269	86	0xd5429576a1c50072d9fdd90683dd1a707b33f6ae57c6c97518e1f3cdbe14e256	1766422415	0x185c484F0cd29035260dEAfd67e481103d3b49C9	0x85593464c9dd38eC4625EF44e60CD6e8045Aa067	2	902576	16340745027349200000	14979094	13519764466416
1	0xee8b6a54d60c18af9085cef5f90fb3de887f4ebe3f84e21c8222740c1de6d79e	915000000000000000	USDC	PT-csUSDL-30OCT2025	24069476	1022	448	0x557a95dfab57fafd5834ace49e8f72c18e496187e8d7b1b8e8eaa21ff764e005	1766422487	0xF3E6d190bc99b00BF7E02502358d173B0952a308	0x85593464c9dd38eC4625EF44e60CD6e8045Aa067	2	902574	10066556064794400000	9224623	8325903241641
1	0xee8b6a54d60c18af9085cef5f90fb3de887f4ebe3f84e21c8222740c1de6d79e	915000000000000000	USDC	PT-csUSDL-30OCT2025	24069483	1093	395	0x10428f54635234bf79bf8e5cf450833135720bb717835e4a899c60967118a232	1766422571	0xD8685753Bccb778d9372B84B14d50cd921362bb3	0x85593464c9dd38eC4625EF44e60CD6e8045Aa067	2	902572	3112794377431890000	2858461	2579965790802
1	0xee8b6a54d60c18af9085cef5f90fb3de887f4ebe3f84e21c8222740c1de6d79e	915000000000000000	USDC	PT-csUSDL-30OCT2025	24069485	665	328	0x968e36b0f014afb22d1bb9a5396146623cc2f72ba2091174adc2841d5b57f320	1766422607	0xAE35A0233880823CAB90637B918c91DD7B18aAe9	0x85593464c9dd38eC4625EF44e60CD6e8045Aa067	2	902572	2014590221206480000	1846933	1666988372975
1	0xee8b6a54d60c18af9085cef5f90fb3de887f4ebe3f84e21c8222740c1de6d79e	915000000000000000	USDC	PT-csUSDL-30OCT2025	24069550	288	72	0x5bb7cc1b262ff4cc8d27bb1db1ed1f64ba6861356c02f25f6e5d9b58885ee271	1766423387	0x58c26ca78713B7D50c4403647550B49bF8CCfF9A	0x85593464c9dd38eC4625EF44e60CD6e8045Aa067	2	902552	1595050625185065000	1463177	1320593459550
1	0xee8b6a54d60c18af9085cef5f90fb3de887f4ebe3f84e21c8222740c1de6d79e	915000000000000000	USDC	PT-csUSDL-30OCT2025	24069556	963	163	0xec06393c36c3ccb3b038374a6ac9a18a937836713165e598e4ae17724a705f9d	1766423459	0xd38C74889382BC230419B5C1Bfac2a642095C8D1	0x85593464c9dd38eC4625EF44e60CD6e8045Aa067	2	902555	200000000000000000	187752	169457287496
1	0x83b7ad16905809ea36482f4fbf6cfee9c9f316d128de9a5da1952607d5e4df5e	965000000000000000	USDC	csUSDL	24069667	687	290	0x82f2d5507360f41a96af6927187ed12c45057a57a5259bfa4599684daf7fc69f	1766424803	0x42486570310823Fa68fF64F18F0B5b25632f3CBF	0x85593464c9dd38eC4625EF44e60CD6e8045Aa067	0	0	120346199375834975	314	162145765
1	0x83b7ad16905809ea36482f4fbf6cfee9c9f316d128de9a5da1952607d5e4df5e	965000000000000000	USDC	csUSDL	24069671	953	254	0x0f305be60d577df8d5e024ae3384e4e581902a679ba9ad782a909070b116e818	1766424851	0x11FCdE3F1168696BA3b662C40572e2807d6b8efA	0x85593464c9dd38eC4625EF44e60CD6e8045Aa067	0	0	100000000000000000	18655	9642742441
1	0xeec6c7e2ddb7578f2a7d86fc11cf9da005df34452ad9b9189c51266216f5d71b	915000000000000000	USDC	PT-wstUSR-25SEP2025	24122236	1905	381	0x0a02bb4988fa61cad665bd8815ebf51b3c26d8ba49c75477148b01478c44aab6	1767058811	0x3B8DfE237895f737271371F339eEcbd66Face43e	0x76b60dCf71dA2294f8aA034432D925D1eED8cf68	282719	253103799315	290022131205435229	471	421014259
1	0xcc63ab57cdcd6dd24cd42db3ebe829fb1b56da89fcd17cea6202cf6b69d02393	915000000000000000	USDC	PT-wstUSR-27MAR2025	24195413	715	129	0xafc72e2941287262539e041331d0294da37ca7096f322c23bff4f299a66be65c	1767941099	0x16956f1CF13569CC19e8401dfA13a7BE569C9f94	0xaa7D4738139c9e5af48ba52E14368F8A5Ffe62Dc	21588425	2938072281870	22153351919242697335	57533438	7830001848513
1	0x346afa2b6d528222a2f9721ded6e7e2c40ac94877a598f5dae5013c651d2a462	915000000000000000	USDC	PT-sUSDE-27MAR2025	24195493	434	224	0xdbed52d47a962bab70cac3d7749da9361229dbe5884e8e5832021154d3dba5d5	1767942059	0x07e2024abC1D20606F9a78Ef9ed34Cf9f5221222	0xaa7D4738139c9e5af48ba52E14368F8A5Ffe62Dc	20225194	486766025331	20754429517934199450	242116213	5827086392452
1	0xd9f7e73314bc8fa209afea85654ebf5441af3fb9409e3356f8dc582e9b6d0813	915000000000000000	USDC	PT-sw-RLP-1750896023	24320178	350	173	0x0f55cdf2f96dd5e0cbd118f95557bf14cc1d5a0e7810da47ad6c9cfa1a2fc5d0	1769444675	0x6fA5d361Ab8165347F636217001E22a7cEF09B48	0x3448F8C366047d76b6b58bb4ef225E4454B1b5ff	394577	6247060119	384497741154445820	248411	3932939881
1	0x3a85e619751152991742810df6ec69ce473daef99e28a64ab2340d7b7ccfee49	860000000000000000	USDC	WBTC	24346490	309	135	0x46451fe1ac131b953d8dd0e94de09138656bf726096a2a6750dc572ab5432fb5	1769761739	0xFD4c87e0c92fc81d6EB4acC2fdB7F4AEeDbCb635	0xbBc133749e308694277AAA82Ac780eB8AaeD77F6	98052	86300490956	124	17083	15035545543
1	0x3a85e619751152991742810df6ec69ce473daef99e28a64ab2340d7b7ccfee49	860000000000000000	USDC	WBTC	24346491	303	131	0x4f1ff2c19917cbef0e13c3f049ab133fdadce099cd0a76bbe257741cf5e7b8b9	1769761751	0xcd0d16CcCFaAc4e2415383968E246f6A5A1D5E02	0xbBc133749e308694277AAA82Ac780eB8AaeD77F6	31631	27839435512	40	6265	5513353362
1	0x3a85e619751152991742810df6ec69ce473daef99e28a64ab2340d7b7ccfee49	860000000000000000	USDC	WBTC	24346493	631	238	0x899b5bc4b5922f6bc1b5a3b5ef3306225b1529700ef32705020a54bc7f58b16c	1769761775	0x8EB2AafA3C20146eCc8ab37600e8AC8C1BF24D23	0xbBc133749e308694277AAA82Ac780eB8AaeD77F6	19770	17399866756	25	2340	2058768434
1	0xb323495f7e4148be5643a4ea4a8221eef163e4bccfdedc2a6f4696baacbc86cc	860000000000000000	USDC	wstETH	24346496	1185	362	0xaa48b35721fc0ff069f5bbab77470e09737b89d897abaae5d6154fd305115f75	1769761811	0x6dD59587A43AE7E3dDf22A6265B648562eD38af7	0xbBc133749e308694277AAA82Ac780eB8AaeD77F6	3084	2711071137	961323548443	423	371464270
1	0xb323495f7e4148be5643a4ea4a8221eef163e4bccfdedc2a6f4696baacbc86cc	860000000000000000	USDC	wstETH	24346496	1193	363	0x3baea8cc891d2c8d07bdf992dfd7327dcef1117f58028c1d72d2b4f3d186b028	1769761811	0xfe0743BCa71A1E00Bdb3694FE119f0cD45339EF3	0xbBc133749e308694277AAA82Ac780eB8AaeD77F6	3050	2681172850	950524441505	1519	1335026034
1	0x64d65c9a2d91c36d56fbc42d69e979335320169b3df63bf92789e2c8883fcc64	860000000000000000	USDC	cbBTC	24361853	252	28	0x46d998759cb0c29740e4eb90158248a5b89c43c97e4c99e5f9da614670260e49	1769946947	0x6E9845e7c1543E099a880405258c02B7adAd1d5C	0xe3f29E3AebF6F2DA2a5D4C72E83BAE810CC562f3	11309	10483173176	15	2121	1966165112
1	0x3a85e619751152991742810df6ec69ce473daef99e28a64ab2340d7b7ccfee49	860000000000000000	USDC	WBTC	24362095	173	46	0x7ca5a0a8e038b177794e155905938372f18c755b29b65cac685ec9a73e235503	1769949863	0x60E47AE6Ce9E95F6bE7a5577F09EeA8fcfECA2a4	0xe3f29E3AebF6F2DA2a5D4C72E83BAE810CC562f3	11215	9867720681	15	623	547480235
1	0x61765602144e91e5ac9f9e98b8584eae308f9951596fd7f5e0f59f21cd2bf664	860000000000000000	USDC	weETH	24370749	151	55	0xf3376e65f272fc1576d08fa2ec3f7504115b89ddcb8c35f2397570e789b5e6fa	1770054299	0x3709954A3Ad627f774f31F22EDd331337B327638	0xe3f29E3AebF6F2DA2a5D4C72E83BAE810CC562f3	228	207638001	92190241849	87	78954099
1	0x10b401f4254a7039b7168c5a614c81ea8be698186cfb33aa56ac2adbcf0e88f9	915000000000000000	USDC	PT-RUSD-31JUL2025	24389470	694	171	0x31dc569646b785c3f43c217a2100a55ca7cffbb922f752858151ccf1d7413565	1770280499	0xfeed46c11F57B7126a773EeC6ae9cA7aE1C03C9a	0xB90aa6AD4E00d9201d3C26610A5EF7F0456EeCd2	4008893	153268420450	4113792463510881280	22147128	846731579550
1	0xcf90e73ee616097c10278bfedc410a1addc3fd4c5c80b93ef248b91bbd4c062c	915000000000000000	USDC	PT-RUSD-30OCT2025	24389589	612	211	0xd04df077ba17af1ac34cfb6d65a8320f2989f0a07e8fafcb722416a2ef7bf3c8	1770281939	0xfeed46c11F57B7126a773EeC6ae9cA7aE1C03C9a	0xbBc133749e308694277AAA82Ac780eB8AaeD77F6	4072273	807514305989	4178831462887360000	970699	192485694011
1	0x147977320f168afc651b7e5a1849cc1b1e64e329e1bf0212fa49dcb2856074a4	915000000000000000	USDC	PT-USD0++-27MAR2025	24389737	202	164	0x5211409bc3655bd96e3679e62dc2624165b565f964a4e890ea78d954218b3d8e	1770283715	0x06590Fef209Ebc1f8eEF83dA05984cD4eFf0d0E3	0x902367430aD1618A7BBA2C3AB6C92bBe05F26a17	91449	45271396055	102000000000000000	56980	28207603945
1	0x7a5d67805cb78fad2596899e0c83719ba89df353b931582eb7d3041fd5a06dc8	915000000000000000	USDC	PT-USDe-25SEP2025	24389759	742	545	0x7e0514b1caa0bf9aff05f2b882f9a81c89fa16f54f2ca0e40d6b1d092a1d7792	1770283991	0xFE50011A022047E2485a053442B4b4A4FDAB1615	0xB90aa6AD4E00d9201d3C26610A5EF7F0456EeCd2	11769	8661460760	12074611035124486	2205	1622850511
1	0xd647ec76fd3d2e6fb2133fd496a150f91d86956ad02b0b654435501527d3da0c	915000000000000000	USDC	PT-wsrUSD-31JUL2025	24389807	715	203	0xb8118519e247bf0f4cff814b9e98befeff3ded0a1abcdc8af866f0567bfd6e7d	1770284567	0xfeed46c11F57B7126a773EeC6ae9cA7aE1C03C9a	0xbBc133749e308694277AAA82Ac780eB8AaeD77F6	3956647	326173740258	4060179292375209984	7446010	613826259742
1	0x21e55c99123958ff5667f824948c97d0f64dfaa6e2848062e72bc68d200d35f9	915000000000000000	USDC	PT-eUSDE-29MAY2025	24390235	159	19	0x033da2165135205d655b82561e1015598f0f32c6e847b81acd8d15084e16bfa6	1770289727	0x988690e5B5fd35299c5F28825b853BacB13D4d22	0xB90aa6AD4E00d9201d3C26610A5EF7F0456EeCd2	74072	32180945696	76008430714686016	75199	32670972452
1	0x2daab4eb520e7eab0a6d432d2edfb11775c9544a6b5e441c2e0f74abcd48f975	860000000000000000	USDC	PT-USD0++-31OCT2024	24402181	951	76	0x06f245d5a773dff83c3463893b56da6a66cd64763c373558addcd69e8244100b	1770433955	0x06590Fef209Ebc1f8eEF83dA05984cD4eFf0d0E3	0x902367430aD1618A7BBA2C3AB6C92bBe05F26a17	862202	259900985427	900000000000000000	1294122	390099014573
1	0xa3819a7d2aee958ca0e7404137d012b51ea47d051db69d94656956eff8c80c23	860000000000000000	USDC	PT-syrupUSDC-28AUG2025	24444077	45	31	0x8b9088c821358456815de24356c4f37c3a7a79fdbcc2dba37dcca35476ec7541	1770940067	0x44365F302a3a19a020652c4E096Ff71fB2577714	0xD7D2807B0715AA1Af8157574642F4f06C9BadDA2	9970726	3065528680119	10407854	16899304	5195740619485
1	0xb8fef900b383db2dbbf4458c7f46acf5b140f26d603a6d1829963f241b82510e	860000000000000000	USDC	OETH	24444087	508	126	0xe9b987ad3cbd41aab4b3b646eeb74dea7142254471aed2effe7d6cfc804c6a52	1770940187	0x6fA5d361Ab8165347F636217001E22a7cEF09B48	0xbBc133749e308694277AAA82Ac780eB8AaeD77F6	852460	843474820243	457235704776581	158193	156525179757
1	0xb323495f7e4148be5643a4ea4a8221eef163e4bccfdedc2a6f4696baacbc86cc	860000000000000000	USDC	wstETH	24489875	365	71	0x3b5f3af2066e9508f3f4a2abda2aa7a07d5955a2b51b90f7f52fae1ba8205487	1771491851	0xBA6522a21be6bF0199a220fbce93648723c1219a	0xB1CAA206DC10d64cAdEA1D5891F7F9eDe5105627	7	5265543	2400270082	2	1677440
1	0x3a85e619751152991742810df6ec69ce473daef99e28a64ab2340d7b7ccfee49	860000000000000000	USDC	WBTC	24510662	478	178	0x95a32932d41adb1b34f44f83e3d839f9125ff6fdb5b6187e0d8a5d5788cdf18c	1771742243	0xB6dcEe39Fdb75431eEd408e078C63FE186bCB823	0xDa4A4154B8C800579eC6dE9e71F77dAe92A74b06	5189	4555766629	8	14	11704237
1	0xa3819a7d2aee958ca0e7404137d012b51ea47d051db69d94656956eff8c80c23	860000000000000000	USDC	PT-syrupUSDC-28AUG2025	24577368	496	131	0x4797dc323bdc197ac5baad88ea60df090abb379fc8bdb0c6534f54cf04792b41	1772546195	0x58c26ca78713B7D50c4403647550B49bF8CCfF9A	0x286a91A5d06EbBeEb932F98C3A4E1e38cf2Ba963	2766396	720162582652	2887677	4370226	1137680322686
1	0x21e55c99123958ff5667f824948c97d0f64dfaa6e2848062e72bc68d200d35f9	915000000000000000	USDC	PT-eUSDE-29MAY2025	24619973	507	285	0x7869b88080e7c9ab30d594455c802ad8117871279b69b584415c6878e19a06bc	1773059975	0x06590Fef209Ebc1f8eEF83dA05984cD4eFf0d0E3	0x54Fe34974611B66fd6Cfff89b907cF1Cd7E990AB	1014	388516440	1038464240018985	1238	474483560
1	0xa8e5d35b7dd3ed81d84a82e999d8360d73f4c3d7b9e356b58b3ec4d2ea724262	915000000000000000	USDC	PT-wsrUSD-30OCT2025	24625070	305	100	0x5a26d8914de69b57d2e6133d8f247f50d60fda3c1933e65bca4f2acfad7afde7	1773121523	0xfeed46c11F57B7126a773EeC6ae9cA7aE1C03C9a	0xAba996f3f6170A85a31D7f8f4b54816E141278f8	4086740	723375870711	4193676248336402944	1562798	276624129289
1	0xbc552f0b14dd6f8e60b760a534ac1d8613d3539153b4d9675d697e048f2edc7e	915000000000000000	USDC	PT-sUSDE-31JUL2025	24639557	710	108	0xde8b8077006e0bd79c80318eae777d8f933cd0bc9eea98aaa36460bd0e9f3693	1773296471	0xE08D97e151473A848C3d9CA3f323Cb720472D015	0xAba996f3f6170A85a31D7f8f4b54816E141278f8	4872605	2938592658830	5000105701415446311	2524991	1522783137787
1	0x3f17220a0b94327d496e596634230e68a51ca2a3ad5f595387ca754161f397f7	915000000000000000	USDC	PT-reUSD-18DEC2025	24674513	1114	806	0x6f940eb63faa4fc8ad5e7e688348bb2a1519a1475008f3f6267284b8844747ab	1773717863	0x0f2Dc4F7d060E5cEe687b3AcABD85D5c94eFB756	0xB90aa6AD4E00d9201d3C26610A5EF7F0456EeCd2	56818	15020365223	58302	132316	34979634777
1	0xbc552f0b14dd6f8e60b760a534ac1d8613d3539153b4d9675d697e048f2edc7e	915000000000000000	USDC	PT-sUSDE-31JUL2025	24674741	851	204	0xbce7a709b1056d794ef1decd9046fd60947f77ce1da0105628ee88e6c404a739	1773720611	0x4DeB5db8Ea04c0Da8BdBC5bD44bBf54bf7a001f8	0x902367430aD1618A7BBA2C3AB6C92bBe05F26a17	3782	2280215509	3878912458053615	1678	1011945608
1	0x1eda1b67414336cab3914316cb58339ddaef9e43f939af1fed162a989c98bc20	965000000000000000	USDC	USD0++	24674754	115	92	0x33c188bdcb53a6287fd9ef4deadcc545f20d2a33763dae6ea0134d30aaec39bc	1773720767	0x11346C6F6b24ee2eDc37c3944A10Fde2296959b4	0xbBc133749e308694277AAA82Ac780eB8AaeD77F6	975	857304197	1069467993028303	18	15066943
1	0x6e988863b5c88c6a0038e07f346d79a941ba30e6bab0e1267f3bcf72275d572a	915000000000000000	USDC	USDU	24740263	603	215	0xe314b20477bccd2cf1140b15d38f630a2d7865da2aaf1d961a633cc87dd4dc36	1774510331	0x201051Ae0FddaC0Ce47B299E4673cAA39f32A961	0x902367430aD1618A7BBA2C3AB6C92bBe05F26a17	584702	339294711001	600000000000000000	225242	130705288999
1	0x29d646517e795e06b9b9eeb9975f4273dc9695cc70b9a195fa009a5172e18f19	915000000000000000	USDC	PT-USD3-29JAN2026	24747781	227	117	0x765cc48f88249a25c8c48fb5fb863053e422b60316b44a7eb284762821f547a0	1774601027	0x6539519E69343535a2aF6583D9BAE3AD74c6A293	0x902367430aD1618A7BBA2C3AB6C92bBe05F26a17	498537	147016255122	442712	993515	292983744878
1	0x94226011a4286b72d32ed7259954726d3fb0ba8b5ab319ccd57dbf4e7bfb069c	915000000000000000	USDC	wsrUSD	24843314	178	54	0x4c352a090e5608faf9409e9f4ca7663310742438d07fdabf4cd299f1e968c31b	1775751599	0xfeed46c11F57B7126a773EeC6ae9cA7aE1C03C9a	0xFF2BAC0DEd7B90B0547c3B6D954C30bF954acb83	1006527	234862204353	960754161822683504	148995	34766575252
1	0x60154d71ec96b7aee2864326662cb731172f1ebd6ca0e64af9bc8659831ed0ff	915000000000000000	USDC	yUSD	24921111	719	204	0x50b191f60d49354f057a51c5dce1a639cdf38c911e6bf1e76decfd2efa0aa550	1776688115	0x301b0011eb2bcDB37654819d056686E574414535	0x5d6c47cFDbBE5aD5a7be0a97D519164D303E1117	62615214	21500182173866	64353234950233054039	90244288	30987175953492
1	0x346afa2b6d528222a2f9721ded6e7e2c40ac94877a598f5dae5013c651d2a462	915000000000000000	USDC	PT-sUSDE-27MAR2025	25039077	346	159	0x76fafd5dd485654b3412fce11e1a9b3d555ab3a88cd6601ddd34103bbd67f830	1778107715	0x8423C72e25594F2A98BCcC7A68EDb3eeD4274187	0x94cA62e532bc112063918AF9dcC2Bd57Dc75F461	864370	12219180235	886986656241615940	49500822	699769965802
1	0x9cb645a8588af9b16d82c919ee81cc8c6009ef6cf76b8b6453551ab60edab9f9	860000000000000000	USDC	tacETH	25106481	374	93	0xf9203cb11f4b1de93dd3607f837bea377fa585a4a168c8d2d57aeb5677c52622	1778919455	0xcf0A6D0ebF49D7975dBC63723039332CE709F34D	0x902367430aD1618A7BBA2C3AB6C92bBe05F26a17	165356	2095696468	77855732346848	29901420	378968283178
1	0xd174bb7b8dd6ef16b116753b56679932ee13382b94f81bf66a2b37962cb41f56	915000000000000000	USDC	PT-sUSDE-5FEB2026	25178203	116	52	0xc82ead87ea2f3464ae0571a3bb571d3622988b8688537b4f3274f0ad56a58d65	1779782987	0x266d4fA9b246ac726bDe577F3c847EB9a50d95b8	0x902367430aD1618A7BBA2C3AB6C92bBe05F26a17	194902	81959995920	200000000000000000	68107	28640104392
1	0xe1b65304edd8ceaea9b629df4c3c926a37d1216e27900505c04f14b2ed279f33	860000000000000000	USDC	RLP	25259134	309	49	0x267a017b5f011558223af8aee98cdaf4b6e2418ab204b0a12b8fc892eeec150f	1780758359	0xF078969E55caBF9AE3f26afeB5EC627B4430f19E	0x782C28BB1037F84d33A3d37Fc0149Dac7136a1C9	2	263880	1	1181253926430	311708609127463527
1	0xa69617cff423f2e8b2fe634fddb0f03015ee3cbed38992a2f0cc221e59ea4072	860000000000000000	USDC	iFALC	25318908	724	247	0x6b4f66b7942d658b57ef25890fd751a9c4e20c740f5b9c2facbc24d0f87c6014	1781478431	0x201051Ae0FddaC0Ce47B299E4673cAA39f32A961	0xE08D97e151473A848C3d9CA3f323Cb720472D015	765981	74711807081	100000000000000000000	3950152	385288192919
1	0xa75bb490ecfee90c86a9d22ebc2dde42fb83478b3f18722b9fc6f5f668cab124	860000000000000000	USDC	PT-apyUSD-18JUN2026	25345651	539	297	0x68083c1f4d4d6848b9f7af2fa14b59a1ad36b61d525838e620beafcdb2dd44f4	1781800211	0xeb80e76443c1bFa85dF46075f52a43ae1572003a	0x5fC258475f5A36BA2DBBE9B7E2af5840Cf958B2f	34126867	33448241196654	42398337283004448964	318602	312265663303
1	0xa75bb490ecfee90c86a9d22ebc2dde42fb83478b3f18722b9fc6f5f668cab124	860000000000000000	USDC	PT-apyUSD-18JUN2026	25345652	433	242	0xdc4d6dfbe0beadbc9e2c0b596208d66a36ebba71e05da00b992241e492c5b900	1781800223	0x78104A4E4d4858e751b71363d607b43d0CcD4B3C	0x5fC258475f5A36BA2DBBE9B7E2af5840Cf958B2f	15865661	15550165169732	19711085056326085412	146850	143929406040
1	0xa75bb490ecfee90c86a9d22ebc2dde42fb83478b3f18722b9fc6f5f668cab124	860000000000000000	USDC	PT-apyUSD-18JUN2026	25345654	441	202	0x8aad34fad92a889909b4719c05ee386768ca4e4efd7dd081f3954802cd798de5	1781800247	0xf5c106B2E8D9153aAb937065240d1C35dD0c8FdA	0x5fC258475f5A36BA2DBBE9B7E2af5840Cf958B2f	12071140	11831098834003	14996870303869282913	140481	137686581526
1	0xa75bb490ecfee90c86a9d22ebc2dde42fb83478b3f18722b9fc6f5f668cab124	860000000000000000	USDC	PT-apyUSD-18JUN2026	25345656	597	267	0x6047541759f1574925ff58fc81cd75b065c25c8b593549120b5521b88ef8e0ce	1781800271	0xA958471BAc25C234c2bEA5BB083e9530c210DBd7	0x5fC258475f5A36BA2DBBE9B7E2af5840Cf958B2f	10588749	10378185104684	13155186219520667638	123275	120823399180
1	0xa75bb490ecfee90c86a9d22ebc2dde42fb83478b3f18722b9fc6f5f668cab124	860000000000000000	USDC	PT-apyUSD-18JUN2026	25345662	700	261	0x895679cec056d47d6a14d5549147ae45126e94120c376fb298c8458a2a2a29d1	1781800343	0x8D3BD47c94b340E0151376ABF9D76C74c471E213	0x5fC258475f5A36BA2DBBE9B7E2af5840Cf958B2f	977018	957588286615	1213819795351044249	19797	19402496297
1	0x1cfdc0154ae6b9f1887a8250f2582d55606e1a2008e65108fb83dd50a928593e	860000000000000000	USDC	PT-RLP-9APR2026	25361999	221	61	0xb22fbf0b655b14b36f5d0917e16785b02d58f1adf5911ca1d3e558a83bd1a156	1781997083	0x0E8B3e04F3D81741C789777838312d243bac017b	0x76b60dCf71dA2294f8aA034432D925D1eED8cf68	574802	128722651501	600000	640588	143455048039
1	0xe0800b3f305b167e65738adc54e03d48c7bf4fb03af2734b4a72034852ba4a7a	915000000000000000	USDC	sUSDEsUSDS	25366286	3567	113	0xd8c62c5057b2f859d52963fc31a2e8fb69faa384f5955f4c92988b90a96e926e	1782048767	0x594c5eE5a326295FF6212C31BB3311747D3bD562	0xE08D97e151473A848C3d9CA3f323Cb720472D015	3109186	231297751778	2974510912367038440	10333163	768702248222
1	0xb6f4eebd60871f99bf464ae0b67045a26797cf7ef57c458d57e08c205f84feac	860000000000000000	USDC	eBTC	25408333	196	62	0x1e7c65b2dd2313371a8556ffd6b4dcf7c0e555b91fc78927dd587776c8c66f2f	1782555551	0x06590Fef209Ebc1f8eEF83dA05984cD4eFf0d0E3	0x5a5684199EE24Ee51D05e7C2eD798c4d7f1DF00b	1172642	63726995730	2020	16992961	923479900822
1	0x60154d71ec96b7aee2864326662cb731172f1ebd6ca0e64af9bc8659831ed0ff	915000000000000000	USDC	yUSD	25488254	1184	444	0x4deef52d536d614219018de3b38fd2d48befe854c6e4e4dff6cd500a41e0ac86	1783518575	0xa435F140114910C96343574DD67883F7538ba736	0x8B03545D7A8e81C72F58D8b0BD7c3dB1bf3FA8a5	4864964	641822823677	5000000000000000000	4404072	581018564679
1	0x9bd88295d990d547adbc2a423d2fa7ced972e6c062226a009cc102dcb5d74eb2	945000000000000000	USDC	ILLIQUID_PERPDEX_COLL	25532614	244	144	0x834a4d863bfacbf52bd0519bd221da4f12a950138b4d75cd2c065c15979d5ed8	1784052959	0x73Ed4A33a342A52F786b326c0e570658747c696f	0x5f9d02fd5c91Ec9CE9b1Bd878248012Fc7187779	983502	756910901000	1000000000000000000	70282	54089097766
1	0x49b89ee666acc242de6a2f25ffdbb25dcc693a7f4746d8d4afeb51c440fa938a	860000000000000000	USDC	AVLT	25540555	38	6	0xfedc0151cadfa88bd6fa2da06f99a8cfed2790545d4792ea6d79c64b8e9396af	1784148635	0x64DAcACE58E7dFe5adCe392f39c2beF9308528f8	0x41242a84e9cCFaAA800AF9860Fc1Fd501fBAA525	126956613	111819671041516	121081237549435231035	454618	400413770906
1	0x97efa214630ff5ed8f2194e7f173344f3a2f93bf8f5c6653d0509312efc9fae1	860000000000000000	USDC	PT-mEDGE-31JUL2025	25562603	458	47	0x42fa54ac44bf4070d1f316df55c5761b42b99be89d12bd58fbffb031ce60d677	1784414039	0xB47f11484e19f1914D32fd393b17671221C10F1F	0x0687E5e53bDBd91e17FfEA614f06c6E4e58c085e	2874002	25239298192	3000000	101886476	894760701808
1	0x49b89ee666acc242de6a2f25ffdbb25dcc693a7f4746d8d4afeb51c440fa938a	860000000000000000	USDC	AVLT	25579658	481	70	0x3a706d8c8d4f27702f32e43b4a37d951538885e6a4ddb1210ce5cc3b9be58bdc	1784619587	0x115ea1D4F996A6305D029102A9a159827278adbC	0x46F49293c6D8b3bB01731328fe88a6c9622E87C0	3380635	2652112011973	3224181722215418971	71418	56026924092
1	0x49b89ee666acc242de6a2f25ffdbb25dcc693a7f4746d8d4afeb51c440fa938a	860000000000000000	USDC	AVLT	25581103	195	48	0xbd21e94bdc3888dc3096c2481030210d32c74999df34e3ebd68a4095236768e6	1784636963	0x9dDc19759ff10b381E0e1fe2Df88F5c07a69138A	0x46F49293c6D8b3bB01731328fe88a6c9622E87C0	68967675	53867341154403	65775945480807319607	1448005	1130966692574
1	0x27b9a0a5bfee98a31eb51e3850250d103a9f8e41673c782defc66aa943af0e65	915000000000000000	USDC	PT-srUSDe-2APR2026	25828250	99	45	0xf91d1f5fd4bba10b54627bd53bdd92503f78b0866d808d6dac66f73964a09fbc	1787613179	0x7AC940E4AdC2ec5Be990262D61770FF08adFEFEB	0xf7C04A39e47C7ea9D6888F9389eA85846e22aE1a	20214759	9484416959804	20743721656058146997	136028	63821581446
8453	0x8793cf302b8ffd655ab97bd1c695dbd967807e8367a65cb2f4edaf1380ba1bda	860000000000000000	USDC	WETH	24985659	3418	171	0xb2a96f99e6d1399833da6190ebc54e22f94baa6f6b5688d646b1af795b699980	1736760665	0x31067fB2d970d5ca66bB5c891af66239915F365a	0xfEd6096F550864f8e1175f1e9DFa105AC911E5b4	491	476271616	161737800512	1	377164
8453	0x8793cf302b8ffd655ab97bd1c695dbd967807e8367a65cb2f4edaf1380ba1bda	860000000000000000	USDC	WETH	24989353	726	295	0x3f5a52b1ea24cd66262f313ccf5219bde1c1b9cb8c94d5043f04b4f65f969653	1736768053	0x347c21c48Cb72DC12E8eFcbDeC92b39d58F26caD	0xfEd6096F550864f8e1175f1e9DFa105AC911E5b4	48	45682541	15884605052	1	517491
8453	0x8793cf302b8ffd655ab97bd1c695dbd967807e8367a65cb2f4edaf1380ba1bda	860000000000000000	USDC	WETH	24989681	266	145	0xe4bdb6d76cf0a07f52f343238c35fc544a7f7525dca6581389e2f589ea508ea3	1736768709	0x5aa52E5Adf8AbCd79B9f5C9f49939ab4C4Cf8f1A	0xfEd6096F550864f8e1175f1e9DFa105AC911E5b4	13537	13156556792	4600938944076	14	13306483
8453	0x8793cf302b8ffd655ab97bd1c695dbd967807e8367a65cb2f4edaf1380ba1bda	860000000000000000	USDC	WETH	24990011	288	130	0x3505fa0901ecd38a6657812e65138fe95a39f49fd5caae098972fd6475f4703f	1736769369	0x1a9A7Cecab517d90A375f906BEbdAEa69C633cE1	0xfEd6096F550864f8e1175f1e9DFa105AC911E5b4	9034	8779775514	3070750933461	7	6207004
8453	0x8793cf302b8ffd655ab97bd1c695dbd967807e8367a65cb2f4edaf1380ba1bda	860000000000000000	USDC	WETH	24990099	670	364	0x0f87ce4bfdccf1f090c218ad1c6559e273ae82bd56d3bb00703dd9fb4dc0cde6	1736769545	0xe70385a057B72139F6A958Cb032018F43BF48909	0xfEd6096F550864f8e1175f1e9DFa105AC911E5b4	9007	8753529738	3073512163249	35	34004325
8453	0x8793cf302b8ffd655ab97bd1c695dbd967807e8367a65cb2f4edaf1380ba1bda	860000000000000000	USDC	WETH	24990165	693	338	0x9a6ab3ddcc211f66ab9ceedcc881954415f5fefa212661e23dec8eeb9ada85fd	1736769677	0xdC23612FecB4B7a924B0C44f83180aA8d2C6D61f	0xfEd6096F550864f8e1175f1e9DFa105AC911E5b4	9026	8771995091	3079953190507	15	13637586
8453	0x8793cf302b8ffd655ab97bd1c695dbd967807e8367a65cb2f4edaf1380ba1bda	860000000000000000	USDC	WETH	24990190	392	182	0x723e82f0375e8463e6010e489a1edc79c4c6c35157169faf61a5d9297b8b0945	1736769727	0xab41EA4b3668CfEbf44bBd9b4c3BaCcf3a45274B	0xfEd6096F550864f8e1175f1e9DFa105AC911E5b4	13526	13145841920	4623111464500	37	35458232
8453	0x8793cf302b8ffd655ab97bd1c695dbd967807e8367a65cb2f4edaf1380ba1bda	860000000000000000	USDC	WETH	24990218	266	368	0x0d0a511f707c71a314844a591458146d05eb1703c83907da7722eaa025e63de1	1736769783	0x8840256b2d24A1DAEe032717b14c51A30c9b022b	0xfEd6096F550864f8e1175f1e9DFa105AC911E5b4	9031	8776853310	3086372591056	10	9367297
8453	0x8793cf302b8ffd655ab97bd1c695dbd967807e8367a65cb2f4edaf1380ba1bda	860000000000000000	USDC	WETH	24990339	594	225	0x4d08a39f517bb9f97454cfbc83ffcc191ce4a87f86f652c73da803c673c144c0	1736770025	0x942A62357c0B0AD970FCb404c5038924492Ab178	0xfEd6096F550864f8e1175f1e9DFa105AC911E5b4	8973	8720475624	3061109045635	33	31887836
8453	0x8793cf302b8ffd655ab97bd1c695dbd967807e8367a65cb2f4edaf1380ba1bda	860000000000000000	USDC	WETH	24991991	257	152	0x1d2aecab0f5ac475f00116fbd9d2ca83a82f3d1d601aa37951b65972876f568b	1736773329	0x51dC91932346B2818589396a66fee1edBcaF8C55	0xfEd6096F550864f8e1175f1e9DFa105AC911E5b4	13081	12713237664	4493891540766	7	6767330
8453	0x8793cf302b8ffd655ab97bd1c695dbd967807e8367a65cb2f4edaf1380ba1bda	860000000000000000	USDC	WETH	25878877	423	271	0x9a481a9d9f1460f54f7987c5aed611fc800dc2a891214f22ae81f0e2f22ede48	1738547101	0xD805bD54d8aE7865830ca4184fa07DdC2E4aa7E4	0xfEd6096F550864f8e1175f1e9DFa105AC911E5b4	677	654433865	255768888721	2	1040236
8453	0x8793cf302b8ffd655ab97bd1c695dbd967807e8367a65cb2f4edaf1380ba1bda	860000000000000000	USDC	WETH	25884986	547	169	0x692f71d0dcff7d31d61591769cde9a729f7ab9c16db8769b05e1b6b2ac892b9f	1738559319	0x5E010d36665F398E8841217757831b20c01af643	0xfEd6096F550864f8e1175f1e9DFa105AC911E5b4	16599	16068136651	7000000000000	121	117070992
8453	0x8793cf302b8ffd655ab97bd1c695dbd967807e8367a65cb2f4edaf1380ba1bda	860000000000000000	USDC	WETH	25885001	222	111	0xa9ee1e5a4cb9f83c0fb7a6fbb5d0b48dd3310a7b22e7265e9e738a2b8df776a5	1738559349	0xB47E1093FE8c8391d724cf6b51632E959864d866	0xfEd6096F550864f8e1175f1e9DFa105AC911E5b4	18970	18363445587	8000000000000	458	443125201
8453	0x8793cf302b8ffd655ab97bd1c695dbd967807e8367a65cb2f4edaf1380ba1bda	860000000000000000	USDC	WETH	25885880	426	191	0x9c2e4fba876d92082fd0d401a6c8e30519c6e8d72f5824fa08539e08ec0b8158	1738561107	0x5e8ECaCA890778ea0797d6cab85Ed44Dbea92636	0xfEd6096F550864f8e1175f1e9DFa105AC911E5b4	11557	11187062802	4847818719662	339	327668442
8453	0x8793cf302b8ffd655ab97bd1c695dbd967807e8367a65cb2f4edaf1380ba1bda	860000000000000000	USDC	WETH	25885898	476	148	0xd4ca37adf9250833f436cc630a8ad498688c1c336d7b1e435a8910598bad97dd	1738561143	0x94a758b05528e9968d286F8C8513Fe232a0F96F2	0xfEd6096F550864f8e1175f1e9DFa105AC911E5b4	50058	48458876008	21059959238789	253	244472923
8453	0x8793cf302b8ffd655ab97bd1c695dbd967807e8367a65cb2f4edaf1380ba1bda	860000000000000000	USDC	WETH	25886080	458	145	0x851821a7ded55b1d43d836b36a2a1737e465d4ce2d64b5859648152d06bd19ca	1738561507	0x78E83f57bBE02297e8f55d978ff1C17709740D7F	0xfEd6096F550864f8e1175f1e9DFa105AC911E5b4	329	317528064	137915877988	34	32822064
8453	0x8793cf302b8ffd655ab97bd1c695dbd967807e8367a65cb2f4edaf1380ba1bda	860000000000000000	USDC	WETH	25886109	302	109	0x43c384d6c6a65dbd5e21776f196c3ae2794a8d074101b488b5f613adb5210054	1738561565	0xb54e03b9B0b34aD72873b80b1270E752763e8cB6	0xfEd6096F550864f8e1175f1e9DFa105AC911E5b4	11875	11494901279	5000000000000	355	343492265
8453	0x8793cf302b8ffd655ab97bd1c695dbd967807e8367a65cb2f4edaf1380ba1bda	860000000000000000	USDC	WETH	25886667	510	188	0x375cb91fdcbe5083cc8062ed98e16d8afbc91ad7c1b1f24458f5efd3d1e8db1a	1738562681	0x365E7c8464BA671ce115c902b04DBaE1fF6C2AB0	0xfEd6096F550864f8e1175f1e9DFa105AC911E5b4	16728	16192867711	7000000000000	884	855275849
8453	0x8793cf302b8ffd655ab97bd1c695dbd967807e8367a65cb2f4edaf1380ba1bda	860000000000000000	USDC	WETH	25886681	440	162	0x2119610da3798d23e7c25e12ec65a1f13879058443dc20337ce0f176b4676ab3	1738562709	0xaca31B6cf3d17B802C0Bc1f5be264648B67bBb85	0xfEd6096F550864f8e1175f1e9DFa105AC911E5b4	8232	7968163852	3450000000000	199	191954476
8453	0x8793cf302b8ffd655ab97bd1c695dbd967807e8367a65cb2f4edaf1380ba1bda	860000000000000000	USDC	WETH	25888149	332	166	0x0f777905f0a023d04684c71d03969df711a3e2ad925bfc645d481a3bfc3c5977	1738565645	0xcf2b6Ec95A63184CF21C5cDAaF72fb6D7c8B75e6	0xfEd6096F550864f8e1175f1e9DFa105AC911E5b4	193	185866225	78938301820	14	13539002
8453	0x8793cf302b8ffd655ab97bd1c695dbd967807e8367a65cb2f4edaf1380ba1bda	860000000000000000	USDC	WETH	25889106	304	115	0xc4e2d0a873dd3ad6de40ab51b27f4fd9a23a7fc6f148ce2cbc303e3bb0082dc4	1738567559	0xd263A84611679Ff766fEbCBD931349de9D89ac10	0xfEd6096F550864f8e1175f1e9DFa105AC911E5b4	336	324294823	136142911756	19	17852034
8453	0x8793cf302b8ffd655ab97bd1c695dbd967807e8367a65cb2f4edaf1380ba1bda	860000000000000000	USDC	WETH	25889138	434	153	0x9dae9e9334af104d0bec081e387002de83da37a7cb36cacf5d976e57af92addb	1738567623	0x9f8117Bb0A0cc621f32b4D088f625F19062EC18a	0xfEd6096F550864f8e1175f1e9DFa105AC911E5b4	202	194576836	81573777257	11	10453922
8453	0xa60e9b888f343351dece4df8251abe5858fc5db96e8624d614a6500c3a3085ea	770000000000000000	USDC	uSOL	26810168	682	267	0x24931bc727052bffd147494b1f677738f68c5e46aa20a8d5c88ac2a92c16a028	1740409683	0x0f6605EfF29655cD4e9FdC3E378e4A1c91A95D0a	0xfEd6096F550864f8e1175f1e9DFa105AC911E5b4	61447	59108214177	431008383375846	48	45274574
8453	0xa60e9b888f343351dece4df8251abe5858fc5db96e8624d614a6500c3a3085ea	770000000000000000	USDC	uSOL	26810822	684	118	0xc86dede030c22be0fb0e497c1f34d9296916eba9fde761f234274356ff7b5be8	1740410991	0x2B33f8616fBEeC5991DEDF31556f9fDD41B71FdF	0xfEd6096F550864f8e1175f1e9DFa105AC911E5b4	72097	69352993715	510194555767242	259	248959048
8453	0xa60e9b888f343351dece4df8251abe5858fc5db96e8624d614a6500c3a3085ea	770000000000000000	USDC	uSOL	26810853	487	117	0x0259b7006a0d807dd45254480cbcac32d5737187aa7fc979f92fde6238018324	1740411053	0x620CEa79a82b3053302Fab2F9bB84677Eba434D0	0xfEd6096F550864f8e1175f1e9DFa105AC911E5b4	57874	55671129147	409545177939400	208	199508633
8453	0x1c21c59df9db44bf6f645d854ee710a8ca17b479451447e9f56758aee10a2fad	860000000000000000	USDC	cbETH	26960380	657	234	0xfd4a6fedccc177ab720061fc073dc57a3df7558111b97844ac8799caab7c357e	1740710107	0x6F1Aeb57f0cE0C86c10282bfE39A9c0CB78E736E	0xfEd6096F550864f8e1175f1e9DFa105AC911E5b4	672	653755082	296472776626	2	1833182
8453	0x8793cf302b8ffd655ab97bd1c695dbd967807e8367a65cb2f4edaf1380ba1bda	860000000000000000	USDC	WETH	26960407	523	333	0x77f0db09a14e7693f84edadb25070b5283d206ea99a698bfa8cdb9486d2ef668	1740710161	0xb64439c5c400C6127B8a1c1d8a10Bd29A954e2be	0xfEd6096F550864f8e1175f1e9DFa105AC911E5b4	14051	13524040722	6776313983875	50	48035269
8453	0x8793cf302b8ffd655ab97bd1c695dbd967807e8367a65cb2f4edaf1380ba1bda	860000000000000000	USDC	WETH	26962576	359	108	0x3a302daf02f435f3ea7efbf161eaae5bc9a21df939fb2c5f970f8d3609b87184	1740714499	0x62690eefe998D3BB4734664E4Cdd2691e3D5a9f3	0xfEd6096F550864f8e1175f1e9DFa105AC911E5b4	88390	85079335813	42930039621634	267	256204590
8453	0x8793cf302b8ffd655ab97bd1c695dbd967807e8367a65cb2f4edaf1380ba1bda	860000000000000000	USDC	WETH	26962779	285	127	0x414a8c6c7e373de8252c976b760fcbb911b55171e99e27b139274d56507ae0c2	1740714905	0x717f86c6894bFeE78c381E6a05DF42dC98f0827b	0xfEd6096F550864f8e1175f1e9DFa105AC911E5b4	20542	19771838340	10000000000000	32	29975550
8453	0x8793cf302b8ffd655ab97bd1c695dbd967807e8367a65cb2f4edaf1380ba1bda	860000000000000000	USDC	WETH	26962812	417	144	0xc5c2c68901758f1897d90e841ceafbdd38968cf1ab0e74396c70089780660cd5	1740714971	0x5662B8Fc0C0F3cF976C87bAc12C246F49C8612E3	0xfEd6096F550864f8e1175f1e9DFa105AC911E5b4	22596	21748922634	11000000000000	29	27451077
8453	0x8793cf302b8ffd655ab97bd1c695dbd967807e8367a65cb2f4edaf1380ba1bda	860000000000000000	USDC	WETH	26963138	453	168	0x1353584878ddadf8027105bc295636c48dd0d2adc9eac83a90e57e45478c2d53	1740715623	0x3311D0c9FA7C0156fe550dAEa1e2f3370858D903	0xfEd6096F550864f8e1175f1e9DFa105AC911E5b4	38086	36658839688	18744856489656	45	42912721
8453	0x8793cf302b8ffd655ab97bd1c695dbd967807e8367a65cb2f4edaf1380ba1bda	860000000000000000	USDC	WETH	26963168	266	127	0xe6ea098144bb5ca488d82bcad8dd9e334430d3d2eb9d55e0389b09b230bf29a9	1740715683	0xF645F366da5aC2CFCfacEb1cd95B903DF7c67fc8	0xfEd6096F550864f8e1175f1e9DFa105AC911E5b4	3003	2889584394	1483934012428	21	19786172
8453	0x8793cf302b8ffd655ab97bd1c695dbd967807e8367a65cb2f4edaf1380ba1bda	860000000000000000	USDC	WETH	26964013	595	212	0xf249aaa8f617bb77a7c5e0720ae53ae45ca98a18928117b1e86acadf6b1f62b7	1740717373	0x70b051926C72390C85bA1e4703988cf96c65CD37	0xfEd6096F550864f8e1175f1e9DFa105AC911E5b4	14552	14006055698	7226182677987	53	50075856
8453	0x8793cf302b8ffd655ab97bd1c695dbd967807e8367a65cb2f4edaf1380ba1bda	860000000000000000	USDC	WETH	26964042	356	182	0x3e54c7db249c807c012b27fc7eee1048cc544fdd6bd78a4a68ebfdd71d343243	1740717431	0xcEa16daF474070ccE1b951d6F8bFBAe6f1807530	0xfEd6096F550864f8e1175f1e9DFa105AC911E5b4	14834	14277492706	7349628396333	65	61649304
8453	0xa066f3893b780833699043f824e5bb88b8df039886f524f62b9a1ac83cb7f1f0	860000000000000000	USDC	wstETH	26967185	269	530	0xbc48f55c9fc0823ce57031027ca8deee0fe88e79cc998f3566bfe1c449593898	1740723717	0x023E27D6Df97A0EaD1FF75D7235D590b05358054	0xfEd6096F550864f8e1175f1e9DFa105AC911E5b4	25	22028207	9939212240	1	133891
8453	0x8793cf302b8ffd655ab97bd1c695dbd967807e8367a65cb2f4edaf1380ba1bda	860000000000000000	USDC	WETH	26968032	1525	350	0x8f5f929ad2523c1c52b0454aec1e2085c51b149cb3cb8ed68faadd3f58220c6e	1740725411	0x68731102d0C6C99CfB3Eb0c9467fD303FF48A8DF	0xfEd6096F550864f8e1175f1e9DFa105AC911E5b4	407	390787907	201526065767	1	825627
8453	0x1c21c59df9db44bf6f645d854ee710a8ca17b479451447e9f56758aee10a2fad	860000000000000000	USDC	cbETH	26970697	332	171	0x0c78da86036c84ca99cbbdd8e994a0f7590cba4352f169f81dd2559fade22736	1740730741	0xe0b0bf15896449bb7283B5bd8751485CE14D0955	0xfEd6096F550864f8e1175f1e9DFa105AC911E5b4	1802	1754636258	828969674706	1	838064
8453	0x8793cf302b8ffd655ab97bd1c695dbd967807e8367a65cb2f4edaf1380ba1bda	860000000000000000	USDC	WETH	26973191	173	112	0xdfd917d04ac82ad2a72ab2281d170c3e79f5a32c95af7448015f8b11fb493ab7	1740735729	0x2313A215933fC43C70D5575B3E04b1c55a6b6e96	0xfEd6096F550864f8e1175f1e9DFa105AC911E5b4	33	30800348	15428158251	1	157559
8453	0x8793cf302b8ffd655ab97bd1c695dbd967807e8367a65cb2f4edaf1380ba1bda	860000000000000000	USDC	WETH	27131588	513	196	0x61ed5011d5961c87b3d0c451c76676cf7399ee29403c93fa2947aca190a036ca	1741052523	0x17b4Ee0D0dCBCf43013a97d0A73d079195b7E214	0xfEd6096F550864f8e1175f1e9DFa105AC911E5b4	76	72141150	37869624933	1	649204
8453	0x1c21c59df9db44bf6f645d854ee710a8ca17b479451447e9f56758aee10a2fad	860000000000000000	USDC	cbETH	27131615	221	104	0x1495e5e3b5cde7b1462d6ec35c04dd3aa63ad018ceeb1a109debfa17c044b64f	1741052577	0xEeDbAbf01a41161297fEc6dC67c5F88B1684eFff	0xfEd6096F550864f8e1175f1e9DFa105AC911E5b4	365	354394636	169677364053	1	252457
8453	0x8793cf302b8ffd655ab97bd1c695dbd967807e8367a65cb2f4edaf1380ba1bda	860000000000000000	USDC	WETH	27132117	627	325	0x0291794e8bab06af529c0eeee277b1de370f0ac5cc91e358934eb32f45fc0fe7	1741053581	0x26C6e7484021f234dFCF50Ca36A4635E47568eB8	0xfEd6096F550864f8e1175f1e9DFa105AC911E5b4	29	26932637	14000000000	1	479309
8453	0x8793cf302b8ffd655ab97bd1c695dbd967807e8367a65cb2f4edaf1380ba1bda	860000000000000000	USDC	WETH	27132619	1375	309	0x132ab5822b3744ec1189b5c1c11d61895eca825a46c11625216c55703971f79b	1741054585	0xFfE2698D68d83186e06f4AaFDC776a9C7a5420Cc	0xfEd6096F550864f8e1175f1e9DFa105AC911E5b4	24	22123191	11637675809	1	404486
8453	0x8793cf302b8ffd655ab97bd1c695dbd967807e8367a65cb2f4edaf1380ba1bda	860000000000000000	USDC	WETH	27158230	489	160	0x75804bb60049cf3940cd64d3b454db8d594c3b4614b08067305168872f316cea	1741105807	0x28c4F77aaF437f4aA438d3F429ba06f37dB4c6dD	0xfEd6096F550864f8e1175f1e9DFa105AC911E5b4	29	26929789	14287493635	1	457994
8453	0x8793cf302b8ffd655ab97bd1c695dbd967807e8367a65cb2f4edaf1380ba1bda	860000000000000000	USDC	WETH	27158438	463	172	0xe7cf9165f738230009cd4f3dc40170a881b42cf8ff562e5e8a2410780a158020	1741106223	0xc01EA09F5f9C2997E220C23a64AC90D3244c3B2d	0xfEd6096F550864f8e1175f1e9DFa105AC911E5b4	36	33662208	17843167476	1	899477
8453	0x8793cf302b8ffd655ab97bd1c695dbd967807e8367a65cb2f4edaf1380ba1bda	860000000000000000	USDC	WETH	27158441	706	194	0xe5c3bbcc3eecdddbbaa6b5bd7865a2a8dc25389e4835e0a7ca4a1008323c5ce9	1741106229	0x96879531Ba156c2a197a01435aE671EB056f2DAf	0xfEd6096F550864f8e1175f1e9DFa105AC911E5b4	62	58668419	31146255471	1	718656
8453	0x6a331b22b56c9c0ee32a1a7d6f852d2c682ea8b27a1b0f99a9c484a37a951eb7	770000000000000000	USDC	weETH	27418478	556	207	0x0be5cf9546af4b0629fa8e20f9af639675526a169354eb70263811f41160a3fe	1741626303	0xbA0099AF742FDeEbb4111dC8E05473d7f75076EA	0xfEd6096F550864f8e1175f1e9DFa105AC911E5b4	3798	3584102973	1945826223821	30	27581180
8453	0x6a331b22b56c9c0ee32a1a7d6f852d2c682ea8b27a1b0f99a9c484a37a951eb7	770000000000000000	USDC	weETH	27418505	451	249	0x378b7585dc16c34a535a20b43df4c77472f8ae7fb4e9d6afce49dbdc98758aed	1741626357	0x8660FDfbFe605038bFE7778Eb6F0b07f9cF6055d	0xfEd6096F550864f8e1175f1e9DFa105AC911E5b4	628	591844100	321656437132	2	1770257
8453	0x6a331b22b56c9c0ee32a1a7d6f852d2c682ea8b27a1b0f99a9c484a37a951eb7	770000000000000000	USDC	weETH	27418536	511	246	0xcc9efd85e5c0579659f4058df600cd4aaddb0dffbf19310c84367867fb5ea12a	1741626419	0xAF9364803946fDd1d531246F23c813D0263b8774	0xfEd6096F550864f8e1175f1e9DFa105AC911E5b4	5589	5274679347	2878393632556	10	8672029
8453	0x6a331b22b56c9c0ee32a1a7d6f852d2c682ea8b27a1b0f99a9c484a37a951eb7	770000000000000000	USDC	weETH	27418563	1318	282	0xbbc3d73906abc1104ff32bb82ccf8a1f5dcc4cde9ec15d05d5971192baf3cd81	1741626473	0x26eA1763589fcFF9d36257DbE7aD305504561364	0xfEd6096F550864f8e1175f1e9DFa105AC911E5b4	3783	3569941426	1971540727324	92	86715993
8453	0x8793cf302b8ffd655ab97bd1c695dbd967807e8367a65cb2f4edaf1380ba1bda	860000000000000000	USDC	WETH	27441220	266	49	0x102474512d0ace23aa083c36ab65360a9c188fc46006765b18eb0d2a79f6d456	1741671787	0xFC676C7836278577a50a4aB540f4Ff7Da90D15C7	0x67a0b1c13fddd43E0df5F5357Ced2AE75c1FB4d0	299	286278594	164933129012	396	379819193
8453	0x8793cf302b8ffd655ab97bd1c695dbd967807e8367a65cb2f4edaf1380ba1bda	860000000000000000	USDC	WETH	27441220	274	49	0x102474512d0ace23aa083c36ab65360a9c188fc46006765b18eb0d2a79f6d456	1741671787	0x1655504543EB066dec6efEE5053b70DB064A3688	0x67a0b1c13fddd43E0df5F5357Ced2AE75c1FB4d0	273	261301267	150000000000	333	318973761
8453	0x8793cf302b8ffd655ab97bd1c695dbd967807e8367a65cb2f4edaf1380ba1bda	860000000000000000	USDC	WETH	27441220	282	49	0x102474512d0ace23aa083c36ab65360a9c188fc46006765b18eb0d2a79f6d456	1741671787	0x48e3FdD9625a1264007D60341503f90333A6Ca4E	0x67a0b1c13fddd43E0df5F5357Ced2AE75c1FB4d0	93	88381311	50000000000	56	52875317
8453	0x8793cf302b8ffd655ab97bd1c695dbd967807e8367a65cb2f4edaf1380ba1bda	860000000000000000	USDC	WETH	27441220	290	49	0x102474512d0ace23aa083c36ab65360a9c188fc46006765b18eb0d2a79f6d456	1741671787	0x32267d604f90AcAf3469d7F34e5458093911fa9f	0x67a0b1c13fddd43E0df5F5357Ced2AE75c1FB4d0	89	84538646	48127920514	113	107725138
8453	0x8793cf302b8ffd655ab97bd1c695dbd967807e8367a65cb2f4edaf1380ba1bda	860000000000000000	USDC	WETH	27441220	298	49	0x102474512d0ace23aa083c36ab65360a9c188fc46006765b18eb0d2a79f6d456	1741671787	0x016363cf56aC8e69e1176F68aB5b6639F6DF0b70	0x67a0b1c13fddd43E0df5F5357Ced2AE75c1FB4d0	93	88381311	50000000000	7	6185523
8453	0x8793cf302b8ffd655ab97bd1c695dbd967807e8367a65cb2f4edaf1380ba1bda	860000000000000000	USDC	WETH	27441220	314	49	0x102474512d0ace23aa083c36ab65360a9c188fc46006765b18eb0d2a79f6d456	1741671787	0xA30C196eB35FE26e4AB1756470706584C4c918EB	0x67a0b1c13fddd43E0df5F5357Ced2AE75c1FB4d0	74	70128649	40000000000	86	81818622
8453	0xa60e9b888f343351dece4df8251abe5858fc5db96e8624d614a6500c3a3085ea	770000000000000000	USDC	uSOL	27441226	285	118	0x02243c3cd7f0ed89a5ef0315b93b9739ec1520a5aa703eb083479276198e1c9a	1741671799	0x8578e021452884bECFfe12fedB06936111D40591	0x67a0b1c13fddd43E0df5F5357Ced2AE75c1FB4d0	33	30773898	271004949566	17	16034789
8453	0x87ff0aad672898c24411f98555f958e232c048f41e6d3f2059d26c13fad07563	860000000000000000	USDC	wstETH	27699211	27	23	0xaa1fccc361a81d5e657f3bc1e88aa0315e6dbcf945d239b77ebfb52bee145c87	1742187769	0xfAebCbFbB35935e45afBD6b7EAfA93aB9c4fEc05	0x67a0b1c13fddd43E0df5F5357Ced2AE75c1FB4d0	78	75834091	34969333500	69	67766876
8453	0xdba352d93a64b17c71104cbddc6aef85cd432322a1446b5b65163cbbc615cd0c	860000000000000000	USDC	cbETH	28587850	288	225	0xb9bf618b81b33fd58e6c0ae398531b40e7183989a4e7c74f245ac9f47c5518a6	1743965047	0x47feF6BF5432f7E01a7059d55442AA9aA84453aE	0xfEd6096F550864f8e1175f1e9DFa105AC911E5b4	171160	156510089398	100000000000000	1002	915964263
8453	0xdba352d93a64b17c71104cbddc6aef85cd432322a1446b5b65163cbbc615cd0c	860000000000000000	USDC	cbETH	28587863	590	855	0xb1ec26925182901d22a4e9a23febc736f98542ac02074c4f96696f6da0ba423e	1743965073	0x638848d41111b5f74706be8d79cDE3e4247dD84B	0xfEd6096F550864f8e1175f1e9DFa105AC911E5b4	170872	156246726889	100000000000000	1816	1660097104
8453	0x8793cf302b8ffd655ab97bd1c695dbd967807e8367a65cb2f4edaf1380ba1bda	860000000000000000	USDC	WETH	28595256	453	227	0x282317ba909aec1a6fa3acc78de9e07866ea7648e5e081ecc66a121d1c3a3a0f	1743979859	0xbDD50Bc547448B6eD3CF1BA0986178fcD38e1bF5	0xfEd6096F550864f8e1175f1e9DFa105AC911E5b4	15413	14735746466	10200000000000	164	156225842
8453	0x8793cf302b8ffd655ab97bd1c695dbd967807e8367a65cb2f4edaf1380ba1bda	860000000000000000	USDC	WETH	28595715	460	230	0x8e48fd2d9b27cf8480df9b030c71ba7e089db60917c5e398632092ba158cd767	1743980777	0xfe6393f5f132858D3A9D4be0275FAB6D39E2fd37	0xfEd6096F550864f8e1175f1e9DFa105AC911E5b4	15482	14801695284	10300000000000	100	94790291
8453	0x8793cf302b8ffd655ab97bd1c695dbd967807e8367a65cb2f4edaf1380ba1bda	860000000000000000	USDC	WETH	28595719	724	416	0x1a5bd736a0daed30ade2fb1d7ad7ea90a40a4c3d87c4f521420e615c323392e5	1743980785	0x7dD2B89919A71988978fDACE6D36225238014F82	0xfEd6096F550864f8e1175f1e9DFa105AC911E5b4	15482	14801695078	10300000000000	94	89364169
8453	0x8793cf302b8ffd655ab97bd1c695dbd967807e8367a65cb2f4edaf1380ba1bda	860000000000000000	USDC	WETH	28612404	539	246	0x26fc3374d349fda75248e98ea7910ba021448f56370b1475d5bc8a9990894031	1744014155	0x082057C142e0fa8B37DAe15e25aad1441367f510	0xfEd6096F550864f8e1175f1e9DFa105AC911E5b4	14524	13884394737	10200000000000	16	15070650
8453	0x8793cf302b8ffd655ab97bd1c695dbd967807e8367a65cb2f4edaf1380ba1bda	860000000000000000	USDC	WETH	28612411	377	151	0x6b1b2a89e7ceb4d6e97537808842fa8b1adc44bc87df564f8efa06d3e7358223	1744014169	0x8B9CFdada550A1DD5520fC0A948672f357070510	0xfEd6096F550864f8e1175f1e9DFa105AC911E5b4	14951	14292618356	10500000000000	632	603417426
8453	0x8793cf302b8ffd655ab97bd1c695dbd967807e8367a65cb2f4edaf1380ba1bda	860000000000000000	USDC	WETH	28612415	690	149	0x744a56647be39c871fa6ae8cfc4c2ac8c57cf108a15e3d265160f22dc15c35bd	1744014177	0x815F7175aA2C5F17aBa0ba138d1Af5dB5e39b1c0	0xfEd6096F550864f8e1175f1e9DFa105AC911E5b4	64070	61251756050	45000000000000	4238	4051226081
8453	0x8793cf302b8ffd655ab97bd1c695dbd967807e8367a65cb2f4edaf1380ba1bda	860000000000000000	USDC	WETH	28612880	552	225	0xeddc4119395e1d3885184921ec3355d5a3a1ea80352b36c7251a2261f8980a08	1744015107	0x6FA4e8d5Ec1ed0184B46D9919BcE32Cdf6166F76	0xfEd6096F550864f8e1175f1e9DFa105AC911E5b4	14514	13874811993	10100000000000	26	24793819
8453	0x8793cf302b8ffd655ab97bd1c695dbd967807e8367a65cb2f4edaf1380ba1bda	860000000000000000	USDC	WETH	28612884	446	163	0x4801fd969dfd0df435a63670301b13cdacf92e0028127490a1c44ad0e4f682fb	1744015115	0x25Dc59A487D6dAf657928B603CbD42086034090F	0xfEd6096F550864f8e1175f1e9DFa105AC911E5b4	15089	14424527010	10500000000000	494	471563567
8453	0x8793cf302b8ffd655ab97bd1c695dbd967807e8367a65cb2f4edaf1380ba1bda	860000000000000000	USDC	WETH	28612887	603	208	0x459ef8a3d44f2233365ad9b63f71a986b971d1c32e906f3dc237ecd7170d50c3	1744015121	0xcb8c3eDc1419EC31Ba2D0Ad095Ee5EeEFF5a5969	0xfEd6096F550864f8e1175f1e9DFa105AC911E5b4	16670	15936004658	11600000000000	471	450257705
8453	0x8793cf302b8ffd655ab97bd1c695dbd967807e8367a65cb2f4edaf1380ba1bda	860000000000000000	USDC	WETH	28612891	329	157	0x62c902cb5e57480dda3da848fd2e4ccf4a0c68421d804a95c8e5f4b6fab170f1	1744015129	0x724C5Ef3ACBA12F6FD20293A88C266b552595067	0xfEd6096F550864f8e1175f1e9DFa105AC911E5b4	14888	14232365356	10360000000000	695	664073588
8453	0x8793cf302b8ffd655ab97bd1c695dbd967807e8367a65cb2f4edaf1380ba1bda	860000000000000000	USDC	WETH	28617411	749	120	0xd1540d3a7757b9fafc657bf430290dc8a6e9fc87b2d34f7df8f13167c59ab98d	1744024169	0x265408C8088079c6DbaAF0DFb849ad55D2d55c4A	0xfEd6096F550864f8e1175f1e9DFa105AC911E5b4	15786	15090688596	11000000000000	830	793149332
8453	0x8793cf302b8ffd655ab97bd1c695dbd967807e8367a65cb2f4edaf1380ba1bda	860000000000000000	USDC	WETH	28617418	491	156	0x1e83738fd81eeb9efefb45aa3eb156800833738ca92d361b07074dfae1228524	1744024183	0x9A6669e69e34A53950D1C9c4ef5b81aC47b032b0	0xfEd6096F550864f8e1175f1e9DFa105AC911E5b4	15835	15137532982	11000000000000	59	55653164
8453	0x8793cf302b8ffd655ab97bd1c695dbd967807e8367a65cb2f4edaf1380ba1bda	860000000000000000	USDC	WETH	28619087	409	112	0xdfd98058df10d444c6fe7f6665db612ae09f14b2ad42ceb18da9a928a52cf74a	1744027521	0x801a69173D97f7aABEDCADbDaB801cAAb52872fF	0xfEd6096F550864f8e1175f1e9DFa105AC911E5b4	14510	13870681480	10200000000000	31	28872151
8453	0x8793cf302b8ffd655ab97bd1c695dbd967807e8367a65cb2f4edaf1380ba1bda	860000000000000000	USDC	WETH	28619092	787	142	0x64797d8501bbfad91cae05dcae534b22bf57e6e3ee5d997a387cba0525490d94	1744027531	0x2315E4Cd939E99871efb0A8A7663781f26b411e9	0xfEd6096F550864f8e1175f1e9DFa105AC911E5b4	14510	13870681243	10200000000000	30	28507451
8453	0x6a331b22b56c9c0ee32a1a7d6f852d2c682ea8b27a1b0f99a9c484a37a951eb7	770000000000000000	USDC	weETH	28646047	214	103	0xa2ab4185cad1c0c813441d472ea5a1510bd15d9518bb0a4fde15e1c376f21af7	1744081441	0xf57395058624cC79ae1Ab69617b9B6521E3ac71B	0xfEd6096F550864f8e1175f1e9DFa105AC911E5b4	6	4649385	2516488956	1	810596
8453	0x8793cf302b8ffd655ab97bd1c695dbd967807e8367a65cb2f4edaf1380ba1bda	860000000000000000	USDC	WETH	28646053	452	127	0xbb37b9e18eff41480677429cff7bbd0e0b1cc9a956adf5f23393f2ae65dd4d5e	1744081453	0x70686C171Fa1556AFcD8e6B8570B0dcc9F231683	0xfEd6096F550864f8e1175f1e9DFa105AC911E5b4	15556	14868745915	10200000000000	24	22293271
8453	0x8793cf302b8ffd655ab97bd1c695dbd967807e8367a65cb2f4edaf1380ba1bda	860000000000000000	USDC	WETH	28646055	289	109	0x66f8c55483f5f94fcad6a428415ab5170c7cc7ca1fc44cf15c85e79d2c28f757	1744081457	0x26eEDba7D7Af3Cf8aA5f0b061Fdb3C7C198f83a0	0xfEd6096F550864f8e1175f1e9DFa105AC911E5b4	16775	16033966041	11000000000000	57	54184760
8453	0x8793cf302b8ffd655ab97bd1c695dbd967807e8367a65cb2f4edaf1380ba1bda	860000000000000000	USDC	WETH	28668966	181	80	0xd6710f44c831449e5552cdf0aeb411b4c040e4ef233d5b93e95186b049785940	1744127279	0xE782370B92e6FE0Aa1959085f6A3eefb9CFD0B3A	0x67a0b1c13fddd43E0df5F5357Ced2AE75c1FB4d0	3899	3725583283	2655000000000	3159	3018621271
8453	0x8793cf302b8ffd655ab97bd1c695dbd967807e8367a65cb2f4edaf1380ba1bda	860000000000000000	USDC	WETH	28668966	189	80	0xd6710f44c831449e5552cdf0aeb411b4c040e4ef233d5b93e95186b049785940	1744127279	0xBFb64cC5AD2A09a3d66dCEA38D46d0cfA253b4ba	0x67a0b1c13fddd43E0df5F5357Ced2AE75c1FB4d0	1617	1544520930	1100000000000	1345	1285272089
8453	0x8793cf302b8ffd655ab97bd1c695dbd967807e8367a65cb2f4edaf1380ba1bda	860000000000000000	USDC	WETH	28668966	197	80	0xd6710f44c831449e5552cdf0aeb411b4c040e4ef233d5b93e95186b049785940	1744127279	0x22c32e7F13F305E9B3296808AB5897B10d8500eB	0x67a0b1c13fddd43E0df5F5357Ced2AE75c1FB4d0	1470	1404023049	1000000000000	1098	1048548597
8453	0x8793cf302b8ffd655ab97bd1c695dbd967807e8367a65cb2f4edaf1380ba1bda	860000000000000000	USDC	WETH	28668966	205	80	0xd6710f44c831449e5552cdf0aeb411b4c040e4ef233d5b93e95186b049785940	1744127279	0xF30eA2541bb64Cc8aF3039d85AbE4daA6C3D0B7D	0x67a0b1c13fddd43E0df5F5357Ced2AE75c1FB4d0	1470	1404023049	1000000000000	1065	1017540252
8453	0x8793cf302b8ffd655ab97bd1c695dbd967807e8367a65cb2f4edaf1380ba1bda	860000000000000000	USDC	WETH	28668966	213	80	0xd6710f44c831449e5552cdf0aeb411b4c040e4ef233d5b93e95186b049785940	1744127279	0xAf1c383ce06debbf9f3C91349FD03CF651221121	0x67a0b1c13fddd43E0df5F5357Ced2AE75c1FB4d0	1470	1404023049	1000000000000	793	757276043
8453	0x8793cf302b8ffd655ab97bd1c695dbd967807e8367a65cb2f4edaf1380ba1bda	860000000000000000	USDC	WETH	28668966	221	80	0xd6710f44c831449e5552cdf0aeb411b4c040e4ef233d5b93e95186b049785940	1744127279	0x284d824b35118A496f8407Eb5c8bD7F9A0EbEcC0	0x67a0b1c13fddd43E0df5F5357Ced2AE75c1FB4d0	1470	1404023049	1000000000000	693	662108004
8453	0x8793cf302b8ffd655ab97bd1c695dbd967807e8367a65cb2f4edaf1380ba1bda	860000000000000000	USDC	WETH	28668966	229	80	0xd6710f44c831449e5552cdf0aeb411b4c040e4ef233d5b93e95186b049785940	1744127279	0x8091Ea3c702898354DEA64AE004988472E0aD043	0x67a0b1c13fddd43E0df5F5357Ced2AE75c1FB4d0	883	842987290	600000000000	776	741190070
8453	0x8793cf302b8ffd655ab97bd1c695dbd967807e8367a65cb2f4edaf1380ba1bda	860000000000000000	USDC	WETH	28668966	237	80	0xd6710f44c831449e5552cdf0aeb411b4c040e4ef233d5b93e95186b049785940	1744127279	0xD992916d08526a246614c67e1F088dd286Ce2445	0x67a0b1c13fddd43E0df5F5357Ced2AE75c1FB4d0	883	842987290	600000000000	256	243828649
8453	0x8793cf302b8ffd655ab97bd1c695dbd967807e8367a65cb2f4edaf1380ba1bda	860000000000000000	USDC	WETH	28668966	245	80	0xd6710f44c831449e5552cdf0aeb411b4c040e4ef233d5b93e95186b049785940	1744127279	0x57e5bf41C5B529D160e0F0b0a499A1a599daCcA4	0x67a0b1c13fddd43E0df5F5357Ced2AE75c1FB4d0	883	842987290	600000000000	49	45918565
8453	0x8793cf302b8ffd655ab97bd1c695dbd967807e8367a65cb2f4edaf1380ba1bda	860000000000000000	USDC	WETH	28668966	253	80	0xd6710f44c831449e5552cdf0aeb411b4c040e4ef233d5b93e95186b049785940	1744127279	0xb82CdF22b4152Aaf7d0BBEa28e0918e2a3E6B622	0x67a0b1c13fddd43E0df5F5357Ced2AE75c1FB4d0	883	842987290	600000000000	48	45841167
8453	0x8793cf302b8ffd655ab97bd1c695dbd967807e8367a65cb2f4edaf1380ba1bda	860000000000000000	USDC	WETH	28668966	261	80	0xd6710f44c831449e5552cdf0aeb411b4c040e4ef233d5b93e95186b049785940	1744127279	0x59457D324850a3E4B9Aeba2d3171b97F239eeB91	0x67a0b1c13fddd43E0df5F5357Ced2AE75c1FB4d0	883	842987290	600000000000	44	41188570
8453	0x8793cf302b8ffd655ab97bd1c695dbd967807e8367a65cb2f4edaf1380ba1bda	860000000000000000	USDC	WETH	28668969	254	90	0xe3f3ee74cce17a3b330a54440ef349ee394b354468e09fbaa87eba2e42962981	1744127285	0x7bC73A23Ad6Bd1bf429e8AC4a8Bf3D768A09Bf24	0x67a0b1c13fddd43E0df5F5357Ced2AE75c1FB4d0	809	772260458	550000000000	706	674532930
8453	0x8793cf302b8ffd655ab97bd1c695dbd967807e8367a65cb2f4edaf1380ba1bda	860000000000000000	USDC	WETH	28668969	262	90	0xe3f3ee74cce17a3b330a54440ef349ee394b354468e09fbaa87eba2e42962981	1744127285	0x65CAA9b5aAC06380a82f9C91e703dd311D309bc7	0x67a0b1c13fddd43E0df5F5357Ced2AE75c1FB4d0	809	772260458	550000000000	642	613602203
8453	0x8793cf302b8ffd655ab97bd1c695dbd967807e8367a65cb2f4edaf1380ba1bda	860000000000000000	USDC	WETH	28668969	270	90	0xe3f3ee74cce17a3b330a54440ef349ee394b354468e09fbaa87eba2e42962981	1744127285	0xb19560EF8ce368FC83A84e99F205fC036E8735D4	0x67a0b1c13fddd43E0df5F5357Ced2AE75c1FB4d0	823	785641208	560000000000	186	176825689
8453	0x8793cf302b8ffd655ab97bd1c695dbd967807e8367a65cb2f4edaf1380ba1bda	860000000000000000	USDC	WETH	28668969	278	90	0xe3f3ee74cce17a3b330a54440ef349ee394b354468e09fbaa87eba2e42962981	1744127285	0x691485034909bfc2Ae0b18bc1e0e44e7E67BF575	0x67a0b1c13fddd43E0df5F5357Ced2AE75c1FB4d0	809	772260458	550000000000	479	456883610
8453	0x8793cf302b8ffd655ab97bd1c695dbd967807e8367a65cb2f4edaf1380ba1bda	860000000000000000	USDC	WETH	28668969	286	90	0xe3f3ee74cce17a3b330a54440ef349ee394b354468e09fbaa87eba2e42962981	1744127285	0xCda15da6437fF2aB0a5B5373a31Da6C10A59Cfe4	0x67a0b1c13fddd43E0df5F5357Ced2AE75c1FB4d0	831	793287351	565000000000	37	34624583
8453	0x8793cf302b8ffd655ab97bd1c695dbd967807e8367a65cb2f4edaf1380ba1bda	860000000000000000	USDC	WETH	28668969	294	90	0xe3f3ee74cce17a3b330a54440ef349ee394b354468e09fbaa87eba2e42962981	1744127285	0xE52E02c3e4CE65F62561e583af6611181cedB2B4	0x67a0b1c13fddd43E0df5F5357Ced2AE75c1FB4d0	831	793287351	565000000000	37	35234651
8453	0x8793cf302b8ffd655ab97bd1c695dbd967807e8367a65cb2f4edaf1380ba1bda	860000000000000000	USDC	WETH	28668969	302	90	0xe3f3ee74cce17a3b330a54440ef349ee394b354468e09fbaa87eba2e42962981	1744127285	0xE3cd0Ccf46402679b88666fF483A226d6dCA3B71	0x67a0b1c13fddd43E0df5F5357Ced2AE75c1FB4d0	809	772260458	550000000000	478	456803065
8453	0x8793cf302b8ffd655ab97bd1c695dbd967807e8367a65cb2f4edaf1380ba1bda	860000000000000000	USDC	WETH	28668969	310	90	0xe3f3ee74cce17a3b330a54440ef349ee394b354468e09fbaa87eba2e42962981	1744127285	0xE4C9df4D51b4cA5d5CCd182f8857D1da504729Bd	0x67a0b1c13fddd43E0df5F5357Ced2AE75c1FB4d0	809	772260458	550000000000	477	455479975
8453	0x8793cf302b8ffd655ab97bd1c695dbd967807e8367a65cb2f4edaf1380ba1bda	860000000000000000	USDC	WETH	28668969	318	90	0xe3f3ee74cce17a3b330a54440ef349ee394b354468e09fbaa87eba2e42962981	1744127285	0x4297e26920369D64B3D90376A8B56c39221553cB	0x67a0b1c13fddd43E0df5F5357Ced2AE75c1FB4d0	817	779906601	555000000000	327	312251826
8453	0x8793cf302b8ffd655ab97bd1c695dbd967807e8367a65cb2f4edaf1380ba1bda	860000000000000000	USDC	WETH	28668969	326	90	0xe3f3ee74cce17a3b330a54440ef349ee394b354468e09fbaa87eba2e42962981	1744127285	0xE71394524472d1Ec54Cc622b34790Fa9475799F3	0x67a0b1c13fddd43E0df5F5357Ced2AE75c1FB4d0	809	772260458	550000000000	474	452338727
8453	0x8793cf302b8ffd655ab97bd1c695dbd967807e8367a65cb2f4edaf1380ba1bda	860000000000000000	USDC	WETH	28668969	334	90	0xe3f3ee74cce17a3b330a54440ef349ee394b354468e09fbaa87eba2e42962981	1744127285	0x5d4e38f29FC4e00D3Ab50d285De8772522E7d102	0x67a0b1c13fddd43E0df5F5357Ced2AE75c1FB4d0	809	772260458	550000000000	474	452453663
8453	0x8793cf302b8ffd655ab97bd1c695dbd967807e8367a65cb2f4edaf1380ba1bda	860000000000000000	USDC	WETH	28668969	342	90	0xe3f3ee74cce17a3b330a54440ef349ee394b354468e09fbaa87eba2e42962981	1744127285	0x1C939e314b1A407e6E5309D71266E1b54Cae1b2F	0x67a0b1c13fddd43E0df5F5357Ced2AE75c1FB4d0	809	772260458	550000000000	379	362158904
8453	0x8793cf302b8ffd655ab97bd1c695dbd967807e8367a65cb2f4edaf1380ba1bda	860000000000000000	USDC	WETH	28668969	350	90	0xe3f3ee74cce17a3b330a54440ef349ee394b354468e09fbaa87eba2e42962981	1744127285	0xF2C3469CfC44801eE996932930467B8b32Cb33D4	0x67a0b1c13fddd43E0df5F5357Ced2AE75c1FB4d0	809	772260458	550000000000	62	58326348
8453	0x8793cf302b8ffd655ab97bd1c695dbd967807e8367a65cb2f4edaf1380ba1bda	860000000000000000	USDC	WETH	28668971	110	62	0x6f27b7ecc90235461cbfafb80ede7d5702d4451fe7a74f70b998f1dd2f5d896c	1744127289	0x0448745dEd758047259F53229D1DFb945B856f74	0x67a0b1c13fddd43E0df5F5357Ced2AE75c1FB4d0	15266	14589796779	10400000000000	529	505271024
8453	0x8793cf302b8ffd655ab97bd1c695dbd967807e8367a65cb2f4edaf1380ba1bda	860000000000000000	USDC	WETH	28668971	131	62	0x6f27b7ecc90235461cbfafb80ede7d5702d4451fe7a74f70b998f1dd2f5d896c	1744127289	0xBed3AaDBab2a7359687d458bE23e8E4f9c68b8A7	0x67a0b1c13fddd43E0df5F5357Ced2AE75c1FB4d0	15414	14731250426	10500000000000	173	165253933
8453	0x8793cf302b8ffd655ab97bd1c695dbd967807e8367a65cb2f4edaf1380ba1bda	860000000000000000	USDC	WETH	28668971	138	62	0x6f27b7ecc90235461cbfafb80ede7d5702d4451fe7a74f70b998f1dd2f5d896c	1744127289	0xb9dA5604E774bfD8935E86Af9ACeeC15abBa5CBB	0x67a0b1c13fddd43E0df5F5357Ced2AE75c1FB4d0	15414	14731250426	10500000000000	173	164573686
8453	0x8793cf302b8ffd655ab97bd1c695dbd967807e8367a65cb2f4edaf1380ba1bda	860000000000000000	USDC	WETH	28668971	145	62	0x6f27b7ecc90235461cbfafb80ede7d5702d4451fe7a74f70b998f1dd2f5d896c	1744127289	0x77a308c52c12e2F7F748D3FF3F8C776ddB40A131	0x67a0b1c13fddd43E0df5F5357Ced2AE75c1FB4d0	15560	14870792537	10600000000000	27	25613886
8453	0x8793cf302b8ffd655ab97bd1c695dbd967807e8367a65cb2f4edaf1380ba1bda	860000000000000000	USDC	WETH	28668971	152	62	0x6f27b7ecc90235461cbfafb80ede7d5702d4451fe7a74f70b998f1dd2f5d896c	1744127289	0x906fa9dF45a6670966C39B57103Ba88e81757cBD	0x67a0b1c13fddd43E0df5F5357Ced2AE75c1FB4d0	15120	14450254668	10300000000000	467	445566237
8453	0x8793cf302b8ffd655ab97bd1c695dbd967807e8367a65cb2f4edaf1380ba1bda	860000000000000000	USDC	WETH	28668971	159	62	0x6f27b7ecc90235461cbfafb80ede7d5702d4451fe7a74f70b998f1dd2f5d896c	1744127289	0xa9DD38229CAe59F50F09bC9787d3FB3Af8D37be2	0x67a0b1c13fddd43E0df5F5357Ced2AE75c1FB4d0	15414	14731250426	10500000000000	173	164558659
8453	0x8793cf302b8ffd655ab97bd1c695dbd967807e8367a65cb2f4edaf1380ba1bda	860000000000000000	USDC	WETH	28668971	180	62	0x6f27b7ecc90235461cbfafb80ede7d5702d4451fe7a74f70b998f1dd2f5d896c	1744127289	0xADe6EB60b2701AcaFc16780D091776C53f8BC78F	0x67a0b1c13fddd43E0df5F5357Ced2AE75c1FB4d0	15560	14870792537	10600000000000	27	25236341
8453	0x8793cf302b8ffd655ab97bd1c695dbd967807e8367a65cb2f4edaf1380ba1bda	860000000000000000	USDC	WETH	28668971	194	62	0x6f27b7ecc90235461cbfafb80ede7d5702d4451fe7a74f70b998f1dd2f5d896c	1744127289	0x8f271314E26F82A096B3F4fb46CaEdF811189a35	0x67a0b1c13fddd43E0df5F5357Ced2AE75c1FB4d0	15414	14731250426	10500000000000	173	165206913
8453	0x8793cf302b8ffd655ab97bd1c695dbd967807e8367a65cb2f4edaf1380ba1bda	860000000000000000	USDC	WETH	28668971	201	62	0x6f27b7ecc90235461cbfafb80ede7d5702d4451fe7a74f70b998f1dd2f5d896c	1744127289	0xbb0441FcDe474f39a7FECe35a7af37d5A2fBe373	0x67a0b1c13fddd43E0df5F5357Ced2AE75c1FB4d0	15414	14731250426	10500000000000	173	164774342
8453	0x8793cf302b8ffd655ab97bd1c695dbd967807e8367a65cb2f4edaf1380ba1bda	860000000000000000	USDC	WETH	28668971	208	62	0x6f27b7ecc90235461cbfafb80ede7d5702d4451fe7a74f70b998f1dd2f5d896c	1744127289	0xB68f7ff6A7E6E9C7245590d83cA633bE572E5ff1	0x67a0b1c13fddd43E0df5F5357Ced2AE75c1FB4d0	15003	14338429825	10220000000000	584	558088826
8453	0x8793cf302b8ffd655ab97bd1c695dbd967807e8367a65cb2f4edaf1380ba1bda	860000000000000000	USDC	WETH	28668971	236	62	0x6f27b7ecc90235461cbfafb80ede7d5702d4451fe7a74f70b998f1dd2f5d896c	1744127289	0xB5da4132Ec1919f3F9861d36ec916c923944703d	0x67a0b1c13fddd43E0df5F5357Ced2AE75c1FB4d0	15266	14589796779	10400000000000	321	306670361
8453	0x8793cf302b8ffd655ab97bd1c695dbd967807e8367a65cb2f4edaf1380ba1bda	860000000000000000	USDC	WETH	28668971	243	62	0x6f27b7ecc90235461cbfafb80ede7d5702d4451fe7a74f70b998f1dd2f5d896c	1744127289	0xDe94A1Aa48939998CC1AE5fBfa17cE581BfC5a64	0x67a0b1c13fddd43E0df5F5357Ced2AE75c1FB4d0	15560	14870792537	10600000000000	27	25703020
8453	0x8793cf302b8ffd655ab97bd1c695dbd967807e8367a65cb2f4edaf1380ba1bda	860000000000000000	USDC	WETH	28668971	257	62	0x6f27b7ecc90235461cbfafb80ede7d5702d4451fe7a74f70b998f1dd2f5d896c	1744127289	0x681287500b582CC11e37E0E8c9bBca960e1215D9	0x67a0b1c13fddd43E0df5F5357Ced2AE75c1FB4d0	15414	14731250426	10500000000000	173	164622280
8453	0x8793cf302b8ffd655ab97bd1c695dbd967807e8367a65cb2f4edaf1380ba1bda	860000000000000000	USDC	WETH	28668971	264	62	0x6f27b7ecc90235461cbfafb80ede7d5702d4451fe7a74f70b998f1dd2f5d896c	1744127289	0xe3987b42a357cF15c2081CE56E6F0Cd3b1DAc134	0x67a0b1c13fddd43E0df5F5357Ced2AE75c1FB4d0	15414	14731250426	10500000000000	173	165300476
8453	0x8793cf302b8ffd655ab97bd1c695dbd967807e8367a65cb2f4edaf1380ba1bda	860000000000000000	USDC	WETH	28668972	129	87	0xa1c7376b2592cd9f514d07a62d1afbf3d2d86a41503811952738a0cccaa95713	1744127291	0xF77eBDD1653ED011c2688297175EB9b3C63A10e0	0x67a0b1c13fddd43E0df5F5357Ced2AE75c1FB4d0	15414	14731250376	10500000000000	173	165141309
8453	0x8793cf302b8ffd655ab97bd1c695dbd967807e8367a65cb2f4edaf1380ba1bda	860000000000000000	USDC	WETH	28668972	143	87	0xa1c7376b2592cd9f514d07a62d1afbf3d2d86a41503811952738a0cccaa95713	1744127291	0x1A8A6f45Af59e87E24de5B43192429a9Aa2A73fC	0x67a0b1c13fddd43E0df5F5357Ced2AE75c1FB4d0	14973	14309756740	10200000000000	614	586723484
8453	0x8793cf302b8ffd655ab97bd1c695dbd967807e8367a65cb2f4edaf1380ba1bda	860000000000000000	USDC	WETH	28668972	150	87	0xa1c7376b2592cd9f514d07a62d1afbf3d2d86a41503811952738a0cccaa95713	1744127291	0xc8EA20b4E1dcD4ff9358687731831e6cEaFDC37b	0x67a0b1c13fddd43E0df5F5357Ced2AE75c1FB4d0	15414	14731250376	10500000000000	173	165174925
8453	0x8793cf302b8ffd655ab97bd1c695dbd967807e8367a65cb2f4edaf1380ba1bda	860000000000000000	USDC	WETH	28668973	316	90	0x3de53e9055e14d683103a55c93ca4a40a4966961ed8571e002097136b8c5e4d7	1744127293	0x581e6f5f81A6d74EAa6f33BC1648FFBEDE4882C3	0x67a0b1c13fddd43E0df5F5357Ced2AE75c1FB4d0	15266	14589796679	10400000000000	321	306694831
8453	0x8793cf302b8ffd655ab97bd1c695dbd967807e8367a65cb2f4edaf1380ba1bda	860000000000000000	USDC	WETH	28668974	200	87	0x295023e62abc40b192df9c0f0c41631658b7a68ce2e45a860acc1a3d3ae9a511	1744127295	0xebdc348669ebC84595824a76EE6aE5CF30f4EFB5	0x67a0b1c13fddd43E0df5F5357Ced2AE75c1FB4d0	15047	14380483465	10250000000000	540	516055098
8453	0x8793cf302b8ffd655ab97bd1c695dbd967807e8367a65cb2f4edaf1380ba1bda	860000000000000000	USDC	WETH	28668974	207	87	0x295023e62abc40b192df9c0f0c41631658b7a68ce2e45a860acc1a3d3ae9a511	1744127295	0xcCc71599913b2943ADe186d60976f66d34eE7142	0x67a0b1c13fddd43E0df5F5357Ced2AE75c1FB4d0	15414	14731250275	10500000000000	173	164827601
8453	0x8793cf302b8ffd655ab97bd1c695dbd967807e8367a65cb2f4edaf1380ba1bda	860000000000000000	USDC	WETH	28668974	221	87	0x295023e62abc40b192df9c0f0c41631658b7a68ce2e45a860acc1a3d3ae9a511	1744127295	0x1b0eEcAE02cBA363F04583a07a07983EABe2B8d4	0x67a0b1c13fddd43E0df5F5357Ced2AE75c1FB4d0	15414	14731250275	10500000000000	172	164034878
8453	0x8793cf302b8ffd655ab97bd1c695dbd967807e8367a65cb2f4edaf1380ba1bda	860000000000000000	USDC	WETH	28668974	249	87	0x295023e62abc40b192df9c0f0c41631658b7a68ce2e45a860acc1a3d3ae9a511	1744127295	0xF6c01dAbc1C3e1cC8f3874C4292ba13C4ec74835	0x67a0b1c13fddd43E0df5F5357Ced2AE75c1FB4d0	15414	14731250275	10500000000000	170	162157753
8453	0x8793cf302b8ffd655ab97bd1c695dbd967807e8367a65cb2f4edaf1380ba1bda	860000000000000000	USDC	WETH	28668974	256	87	0x295023e62abc40b192df9c0f0c41631658b7a68ce2e45a860acc1a3d3ae9a511	1744127295	0x1d7338CADdE4a400116f65E1c0E1aED26f3DF003	0x67a0b1c13fddd43E0df5F5357Ced2AE75c1FB4d0	15414	14731250275	10500000000000	170	162356446
8453	0x8793cf302b8ffd655ab97bd1c695dbd967807e8367a65cb2f4edaf1380ba1bda	860000000000000000	USDC	WETH	28668974	263	87	0x295023e62abc40b192df9c0f0c41631658b7a68ce2e45a860acc1a3d3ae9a511	1744127295	0x8897ec4B117A4f109De0BA5bE44692B43A75c9fa	0x67a0b1c13fddd43E0df5F5357Ced2AE75c1FB4d0	15414	14731250275	10500000000000	170	162169475
8453	0x8793cf302b8ffd655ab97bd1c695dbd967807e8367a65cb2f4edaf1380ba1bda	860000000000000000	USDC	WETH	28668974	277	87	0x295023e62abc40b192df9c0f0c41631658b7a68ce2e45a860acc1a3d3ae9a511	1744127295	0x7104Be876C204e79Be6EbF3d2bb2a657fee56D67	0x67a0b1c13fddd43E0df5F5357Ced2AE75c1FB4d0	15414	14731250275	10500000000000	170	162336197
8453	0x8793cf302b8ffd655ab97bd1c695dbd967807e8367a65cb2f4edaf1380ba1bda	860000000000000000	USDC	WETH	28668974	284	87	0x295023e62abc40b192df9c0f0c41631658b7a68ce2e45a860acc1a3d3ae9a511	1744127295	0xF28c27dA81671695B2deE0eC38948515Df3576df	0x67a0b1c13fddd43E0df5F5357Ced2AE75c1FB4d0	15120	14450254520	10300000000000	464	443156286
8453	0x8793cf302b8ffd655ab97bd1c695dbd967807e8367a65cb2f4edaf1380ba1bda	860000000000000000	USDC	WETH	28668974	291	87	0x295023e62abc40b192df9c0f0c41631658b7a68ce2e45a860acc1a3d3ae9a511	1744127295	0xf8A23eb16104EC088cA2326349De5Fd13779821f	0x67a0b1c13fddd43E0df5F5357Ced2AE75c1FB4d0	15414	14731250275	10500000000000	170	162315068
8453	0x8793cf302b8ffd655ab97bd1c695dbd967807e8367a65cb2f4edaf1380ba1bda	860000000000000000	USDC	WETH	28668974	305	87	0x295023e62abc40b192df9c0f0c41631658b7a68ce2e45a860acc1a3d3ae9a511	1744127295	0xDFb7E9D5FF588737FF9af93685Ecb6522d5F4aC6	0x67a0b1c13fddd43E0df5F5357Ced2AE75c1FB4d0	15414	14731250275	10500000000000	170	162290165
8453	0x8793cf302b8ffd655ab97bd1c695dbd967807e8367a65cb2f4edaf1380ba1bda	860000000000000000	USDC	WETH	28668974	319	87	0x295023e62abc40b192df9c0f0c41631658b7a68ce2e45a860acc1a3d3ae9a511	1744127295	0x00B13f34A27f9895a82dC122A45df21A9233eB9D	0x67a0b1c13fddd43E0df5F5357Ced2AE75c1FB4d0	15266	14589796630	10400000000000	318	303617065
8453	0x8793cf302b8ffd655ab97bd1c695dbd967807e8367a65cb2f4edaf1380ba1bda	860000000000000000	USDC	WETH	28668975	179	77	0x28e48c7a117ce05f9187ab4555cd0285bad1339c24e3590ae7a1969bdeeab8e0	1744127297	0x1760A2E4A82ac2D4D90cF4bDFfa5d720d9709709	0x67a0b1c13fddd43E0df5F5357Ced2AE75c1FB4d0	15120	14450254470	10300000000000	463	442167398
8453	0x8793cf302b8ffd655ab97bd1c695dbd967807e8367a65cb2f4edaf1380ba1bda	860000000000000000	USDC	WETH	28668975	193	77	0x28e48c7a117ce05f9187ab4555cd0285bad1339c24e3590ae7a1969bdeeab8e0	1744127297	0xcf728b981540EB7Cc9269e528c0840e89f69fDa0	0x67a0b1c13fddd43E0df5F5357Ced2AE75c1FB4d0	15560	14870792334	10600000000000	23	21201680
8453	0x8793cf302b8ffd655ab97bd1c695dbd967807e8367a65cb2f4edaf1380ba1bda	860000000000000000	USDC	WETH	28668975	200	77	0x28e48c7a117ce05f9187ab4555cd0285bad1339c24e3590ae7a1969bdeeab8e0	1744127297	0x78ACC73a5b4366d5A52dc6Dea07050D180c07c57	0x67a0b1c13fddd43E0df5F5357Ced2AE75c1FB4d0	15120	14450254470	10300000000000	463	442041412
8453	0x8793cf302b8ffd655ab97bd1c695dbd967807e8367a65cb2f4edaf1380ba1bda	860000000000000000	USDC	WETH	28668977	109	67	0xcba78868b77b7cc18e189c4c89cd58aca696adb511aa00e219d8dbcef9b4058a	1744127301	0xA07De2e17A2e2C43b046Fd6738Bed3373ebB732D	0x67a0b1c13fddd43E0df5F5357Ced2AE75c1FB4d0	15120	14450254372	10300000000000	463	441712090
8453	0x8793cf302b8ffd655ab97bd1c695dbd967807e8367a65cb2f4edaf1380ba1bda	860000000000000000	USDC	WETH	28668977	116	67	0xcba78868b77b7cc18e189c4c89cd58aca696adb511aa00e219d8dbcef9b4058a	1744127301	0x20F941f056577B95802E3Eb03179F2234DB1863A	0x67a0b1c13fddd43E0df5F5357Ced2AE75c1FB4d0	15120	14450254372	10300000000000	463	441767229
8453	0x8793cf302b8ffd655ab97bd1c695dbd967807e8367a65cb2f4edaf1380ba1bda	860000000000000000	USDC	WETH	28668977	123	67	0xcba78868b77b7cc18e189c4c89cd58aca696adb511aa00e219d8dbcef9b4058a	1744127301	0x3bf6DB136EA3F24434825b2fb3661743937F7211	0x67a0b1c13fddd43E0df5F5357Ced2AE75c1FB4d0	15120	14450254372	10300000000000	463	442060033
8453	0x8793cf302b8ffd655ab97bd1c695dbd967807e8367a65cb2f4edaf1380ba1bda	860000000000000000	USDC	WETH	28668977	136	72	0x5ead783d771d31469c849948e83a1468445066d3d33c8085fef86359dc6fbfee	1744127301	0x90d9E4296677Da05299DDDd0222672BA88fB8C54	0x67a0b1c13fddd43E0df5F5357Ced2AE75c1FB4d0	15120	14450254372	10300000000000	463	442185521
8453	0x8793cf302b8ffd655ab97bd1c695dbd967807e8367a65cb2f4edaf1380ba1bda	860000000000000000	USDC	WETH	28668977	143	72	0x5ead783d771d31469c849948e83a1468445066d3d33c8085fef86359dc6fbfee	1744127301	0x89e03DddD1828946c5dd9876D5DE8E42f526223A	0x67a0b1c13fddd43E0df5F5357Ced2AE75c1FB4d0	15120	14450254372	10300000000000	463	441784520
8453	0x8793cf302b8ffd655ab97bd1c695dbd967807e8367a65cb2f4edaf1380ba1bda	860000000000000000	USDC	WETH	28668977	150	72	0x5ead783d771d31469c849948e83a1468445066d3d33c8085fef86359dc6fbfee	1744127301	0x230a180302578fc6aC18C491Cc3Adf1ca919ca82	0x67a0b1c13fddd43E0df5F5357Ced2AE75c1FB4d0	15120	14450254372	10300000000000	463	442037345
8453	0x8793cf302b8ffd655ab97bd1c695dbd967807e8367a65cb2f4edaf1380ba1bda	860000000000000000	USDC	WETH	28668977	157	72	0x5ead783d771d31469c849948e83a1468445066d3d33c8085fef86359dc6fbfee	1744127301	0xF60A8beF96382F541e549C9195E923aaaDe798f2	0x67a0b1c13fddd43E0df5F5357Ced2AE75c1FB4d0	15120	14450254372	10300000000000	463	441686700
8453	0x8793cf302b8ffd655ab97bd1c695dbd967807e8367a65cb2f4edaf1380ba1bda	860000000000000000	USDC	WETH	28668977	164	72	0x5ead783d771d31469c849948e83a1468445066d3d33c8085fef86359dc6fbfee	1744127301	0x7cEb9C5188Bf99D3A2bD952513C7E26DDE951701	0x67a0b1c13fddd43E0df5F5357Ced2AE75c1FB4d0	15120	14450254372	10300000000000	463	441754700
8453	0x8793cf302b8ffd655ab97bd1c695dbd967807e8367a65cb2f4edaf1380ba1bda	860000000000000000	USDC	WETH	28668977	171	72	0x5ead783d771d31469c849948e83a1468445066d3d33c8085fef86359dc6fbfee	1744127301	0x421D2136BC3A55717F486266204dcd8BbEAEf7cE	0x67a0b1c13fddd43E0df5F5357Ced2AE75c1FB4d0	15120	14450254372	10300000000000	463	442128085
8453	0x8793cf302b8ffd655ab97bd1c695dbd967807e8367a65cb2f4edaf1380ba1bda	860000000000000000	USDC	WETH	28668977	178	72	0x5ead783d771d31469c849948e83a1468445066d3d33c8085fef86359dc6fbfee	1744127301	0x5A021A0744E8Ce8065191073765066a93C86c183	0x67a0b1c13fddd43E0df5F5357Ced2AE75c1FB4d0	15266	14589796480	10400000000000	317	302545084
8453	0x8793cf302b8ffd655ab97bd1c695dbd967807e8367a65cb2f4edaf1380ba1bda	860000000000000000	USDC	WETH	28668977	185	72	0x5ead783d771d31469c849948e83a1468445066d3d33c8085fef86359dc6fbfee	1744127301	0x2a8471929a8ce8F805b5C65a5aC916ABbF0776A3	0x67a0b1c13fddd43E0df5F5357Ced2AE75c1FB4d0	15120	14450254372	10300000000000	463	442084747
8453	0x8793cf302b8ffd655ab97bd1c695dbd967807e8367a65cb2f4edaf1380ba1bda	860000000000000000	USDC	WETH	28668977	192	72	0x5ead783d771d31469c849948e83a1468445066d3d33c8085fef86359dc6fbfee	1744127301	0x321f01Aa5669fFFCDA64f53eF75b563E1BA69677	0x67a0b1c13fddd43E0df5F5357Ced2AE75c1FB4d0	14973	14309756495	10200000000000	610	582276406
8453	0x8793cf302b8ffd655ab97bd1c695dbd967807e8367a65cb2f4edaf1380ba1bda	860000000000000000	USDC	WETH	28668977	199	72	0x5ead783d771d31469c849948e83a1468445066d3d33c8085fef86359dc6fbfee	1744127301	0xe4c2849caa705f9499364859453a131AFEabf64a	0x67a0b1c13fddd43E0df5F5357Ced2AE75c1FB4d0	15120	14450254372	10300000000000	463	442132062
8453	0x8793cf302b8ffd655ab97bd1c695dbd967807e8367a65cb2f4edaf1380ba1bda	860000000000000000	USDC	WETH	28668977	206	72	0x5ead783d771d31469c849948e83a1468445066d3d33c8085fef86359dc6fbfee	1744127301	0x6Ca79858EaD5aeD1d426128ea64346c67c8dD1e0	0x67a0b1c13fddd43E0df5F5357Ced2AE75c1FB4d0	14973	14309756495	10200000000000	610	582670148
8453	0x8793cf302b8ffd655ab97bd1c695dbd967807e8367a65cb2f4edaf1380ba1bda	860000000000000000	USDC	WETH	28668977	213	72	0x5ead783d771d31469c849948e83a1468445066d3d33c8085fef86359dc6fbfee	1744127301	0x75b39F98E9F2614bd932834168A1350470758B14	0x67a0b1c13fddd43E0df5F5357Ced2AE75c1FB4d0	15120	14450254372	10300000000000	463	441729642
8453	0x8793cf302b8ffd655ab97bd1c695dbd967807e8367a65cb2f4edaf1380ba1bda	860000000000000000	USDC	WETH	28668977	227	72	0x5ead783d771d31469c849948e83a1468445066d3d33c8085fef86359dc6fbfee	1744127301	0x5Ce26125F6499853C559D190CbC8334976b15Ad4	0x67a0b1c13fddd43E0df5F5357Ced2AE75c1FB4d0	15120	14450254372	10300000000000	463	442120358
8453	0x8793cf302b8ffd655ab97bd1c695dbd967807e8367a65cb2f4edaf1380ba1bda	860000000000000000	USDC	WETH	28668977	241	72	0x5ead783d771d31469c849948e83a1468445066d3d33c8085fef86359dc6fbfee	1744127301	0x2D004245f7931B096c55205F58b3703d5A34f3DC	0x67a0b1c13fddd43E0df5F5357Ced2AE75c1FB4d0	15414	14731250124	10500000000000	169	161108994
8453	0x8793cf302b8ffd655ab97bd1c695dbd967807e8367a65cb2f4edaf1380ba1bda	860000000000000000	USDC	WETH	28668977	248	72	0x5ead783d771d31469c849948e83a1468445066d3d33c8085fef86359dc6fbfee	1744127301	0x0DB86F700406f20442b995f738795a67D5C69227	0x67a0b1c13fddd43E0df5F5357Ced2AE75c1FB4d0	14973	14309756495	10200000000000	610	582179115
8453	0x8793cf302b8ffd655ab97bd1c695dbd967807e8367a65cb2f4edaf1380ba1bda	860000000000000000	USDC	WETH	28668978	221	100	0x2f4fa6fc18a38f3090fa35a786e392c5a7e3d8db043635b87ccab4c5bae3eafa	1744127303	0xF10491aC784F17b03105373DFf15AB87cb129689	0x67a0b1c13fddd43E0df5F5357Ced2AE75c1FB4d0	15414	14731250074	10500000000000	169	161058878
8453	0x8793cf302b8ffd655ab97bd1c695dbd967807e8367a65cb2f4edaf1380ba1bda	860000000000000000	USDC	WETH	28668978	228	100	0x2f4fa6fc18a38f3090fa35a786e392c5a7e3d8db043635b87ccab4c5bae3eafa	1744127303	0x2d18A3e9F20638bbc9C25891C7d997a8eDD8C855	0x67a0b1c13fddd43E0df5F5357Ced2AE75c1FB4d0	15120	14450254322	10300000000000	463	442027199
8453	0x8793cf302b8ffd655ab97bd1c695dbd967807e8367a65cb2f4edaf1380ba1bda	860000000000000000	USDC	WETH	28668978	235	100	0x2f4fa6fc18a38f3090fa35a786e392c5a7e3d8db043635b87ccab4c5bae3eafa	1744127303	0xEAeF1FDB7566f3396F18Ce4A3c06a56da8096856	0x67a0b1c13fddd43E0df5F5357Ced2AE75c1FB4d0	15120	14450254322	10300000000000	463	442064176
8453	0x8793cf302b8ffd655ab97bd1c695dbd967807e8367a65cb2f4edaf1380ba1bda	860000000000000000	USDC	WETH	28668978	242	100	0x2f4fa6fc18a38f3090fa35a786e392c5a7e3d8db043635b87ccab4c5bae3eafa	1744127303	0x2506f4Eb5E9a9a21eb5c09ECDb147e9bf6b17ba7	0x67a0b1c13fddd43E0df5F5357Ced2AE75c1FB4d0	15414	14731250074	10500000000000	169	160796996
8453	0x8793cf302b8ffd655ab97bd1c695dbd967807e8367a65cb2f4edaf1380ba1bda	860000000000000000	USDC	WETH	28668978	256	100	0x2f4fa6fc18a38f3090fa35a786e392c5a7e3d8db043635b87ccab4c5bae3eafa	1744127303	0x813fbb056E4c3a53477CA8bF3E412D2d0f56263B	0x67a0b1c13fddd43E0df5F5357Ced2AE75c1FB4d0	15120	14450254322	10300000000000	463	442067399
8453	0x8793cf302b8ffd655ab97bd1c695dbd967807e8367a65cb2f4edaf1380ba1bda	860000000000000000	USDC	WETH	28668979	262	115	0x1b0a1596b6a3f72b00df1ff611cf8f932b0708e38543693058360eaac8780603	1744127305	0x4019dAa5430EBf042c4d10635D1aFf272e87D09A	0x67a0b1c13fddd43E0df5F5357Ced2AE75c1FB4d0	15266	14589796381	10400000000000	317	302574303
8453	0x8793cf302b8ffd655ab97bd1c695dbd967807e8367a65cb2f4edaf1380ba1bda	860000000000000000	USDC	WETH	28668981	434	163	0x1f09b4486f44150abf2ccf1d0d918f0d130832e2ea440074fe3849c23a115f0a	1744127309	0x3d11158cba11D416bC2310d0c79b05bf3a5CC8Ea	0x67a0b1c13fddd43E0df5F5357Ced2AE75c1FB4d0	15120	14450254174	10300000000000	462	440815439
8453	0x8793cf302b8ffd655ab97bd1c695dbd967807e8367a65cb2f4edaf1380ba1bda	860000000000000000	USDC	WETH	28668981	441	163	0x1f09b4486f44150abf2ccf1d0d918f0d130832e2ea440074fe3849c23a115f0a	1744127309	0x28089861b8c60f7af6F4868264ad82897Aac9dBB	0x67a0b1c13fddd43E0df5F5357Ced2AE75c1FB4d0	14973	14309756300	10200000000000	609	581328493
8453	0x8793cf302b8ffd655ab97bd1c695dbd967807e8367a65cb2f4edaf1380ba1bda	860000000000000000	USDC	WETH	28668981	448	163	0x1f09b4486f44150abf2ccf1d0d918f0d130832e2ea440074fe3849c23a115f0a	1744127309	0x3c5594213c8967CC492D9e9436be065eF5A2e393	0x67a0b1c13fddd43E0df5F5357Ced2AE75c1FB4d0	15266	14589796281	10400000000000	316	301295709
8453	0x8793cf302b8ffd655ab97bd1c695dbd967807e8367a65cb2f4edaf1380ba1bda	860000000000000000	USDC	WETH	28668981	455	163	0x1f09b4486f44150abf2ccf1d0d918f0d130832e2ea440074fe3849c23a115f0a	1744127309	0xe6F83098D42260097911573F4E20E33f07e26506	0x67a0b1c13fddd43E0df5F5357Ced2AE75c1FB4d0	14973	14309756300	10200000000000	609	581324096
8453	0x8793cf302b8ffd655ab97bd1c695dbd967807e8367a65cb2f4edaf1380ba1bda	860000000000000000	USDC	WETH	28668981	462	163	0x1f09b4486f44150abf2ccf1d0d918f0d130832e2ea440074fe3849c23a115f0a	1744127309	0x91a2CE64E66b3663b7615ac1B697d2020Fcd183e	0x67a0b1c13fddd43E0df5F5357Ced2AE75c1FB4d0	14973	14309756300	10200000000000	609	581298504
8453	0x8793cf302b8ffd655ab97bd1c695dbd967807e8367a65cb2f4edaf1380ba1bda	860000000000000000	USDC	WETH	28668981	469	163	0x1f09b4486f44150abf2ccf1d0d918f0d130832e2ea440074fe3849c23a115f0a	1744127309	0x73A984d6F581787120d0df053Cf341eba96a84c3	0x67a0b1c13fddd43E0df5F5357Ced2AE75c1FB4d0	15266	14589796281	10400000000000	316	301290155
8453	0x8793cf302b8ffd655ab97bd1c695dbd967807e8367a65cb2f4edaf1380ba1bda	860000000000000000	USDC	WETH	28668981	476	163	0x1f09b4486f44150abf2ccf1d0d918f0d130832e2ea440074fe3849c23a115f0a	1744127309	0xB86AEFA583386709a1cF0f80d50e5b66ca0E2E6b	0x67a0b1c13fddd43E0df5F5357Ced2AE75c1FB4d0	15120	14450254174	10300000000000	462	440824626
8453	0x8793cf302b8ffd655ab97bd1c695dbd967807e8367a65cb2f4edaf1380ba1bda	860000000000000000	USDC	WETH	28668981	483	163	0x1f09b4486f44150abf2ccf1d0d918f0d130832e2ea440074fe3849c23a115f0a	1744127309	0xC5D893251E3FC808Eb86e89Af2B0C895A81FF6f3	0x67a0b1c13fddd43E0df5F5357Ced2AE75c1FB4d0	14973	14309756300	10200000000000	609	581269651
8453	0x8793cf302b8ffd655ab97bd1c695dbd967807e8367a65cb2f4edaf1380ba1bda	860000000000000000	USDC	WETH	28668981	490	163	0x1f09b4486f44150abf2ccf1d0d918f0d130832e2ea440074fe3849c23a115f0a	1744127309	0xE271aaEdCf0B04eF50329Ff35b3810482B959526	0x67a0b1c13fddd43E0df5F5357Ced2AE75c1FB4d0	15414	14731249923	10500000000000	168	159780308
8453	0x8793cf302b8ffd655ab97bd1c695dbd967807e8367a65cb2f4edaf1380ba1bda	860000000000000000	USDC	WETH	28668981	511	163	0x1f09b4486f44150abf2ccf1d0d918f0d130832e2ea440074fe3849c23a115f0a	1744127309	0x4BAb0c94b2D2eEbC67141c30864c193B65E69987	0x67a0b1c13fddd43E0df5F5357Ced2AE75c1FB4d0	15076	14408200389	10270000000000	96	91034695
8453	0x8793cf302b8ffd655ab97bd1c695dbd967807e8367a65cb2f4edaf1380ba1bda	860000000000000000	USDC	WETH	28696717	210	103	0xaf23036fe7cfb6788a5b167bd02c9488651e40c13611c035e6b09e0ea773b74d	1744182781	0x9D2360f43212BB5c9d5e2735F0445B20D582d4C8	0xfEd6096F550864f8e1175f1e9DFa105AC911E5b4	4	2866954	2000000000	5	4155664
8453	0x8793cf302b8ffd655ab97bd1c695dbd967807e8367a65cb2f4edaf1380ba1bda	860000000000000000	USDC	WETH	28699088	439	165	0x3157dfb11168899e2f15e1387102d65ffa781de79c66d0cfbf70a8b95b5a6d42	1744187523	0x9254c79D3f4A373d0403C041Bb9C9A6F8dB33b44	0xfEd6096F550864f8e1175f1e9DFa105AC911E5b4	14144	13515575977	10000000000000	401	382768318
8453	0x8793cf302b8ffd655ab97bd1c695dbd967807e8367a65cb2f4edaf1380ba1bda	860000000000000000	USDC	WETH	28740155	284	98	0x92a1af80d8c499fa170b3d276e54a22c61523a5a5dd4146ef80f8bdf21504304	1744269657	0x3D31aB64414b58f5276e9AC499B1972c407d4587	0xaA5CBCBd7f85F03BdD7D64C7186c16C0A19217c9	5	3821866	2000000000	1	675123
8453	0x13c42741a359ac4a8aa8287d2be109dcf28344484f91185f9a79bd5a805a55ae	860000000000000000	USDC	wstETH	29137765	193	41	0x08911a948cdfb0a8c0a44f5d9b1bb44c6f8fe506a1ada8de9c42c7a1a794e817	1745064877	0x5262AA77E0857281644FD2B4360be30288b3C20F	0x67a0b1c13fddd43E0df5F5357Ced2AE75c1FB4d0	100	94634938	53397067541	14581	13937408740
8453	0x8793cf302b8ffd655ab97bd1c695dbd967807e8367a65cb2f4edaf1380ba1bda	860000000000000000	USDC	WETH	29843517	591	103	0xe4fa940614dcdd5b4357b8b7c158608c8b21e4bae97f5e61a0bf26b1d08c69c3	1746476381	0x59Ba969bB56902d0eC4f3D620559c34AD5eF6655	0xA7a22ce2BFEa1acE59Ae60c959f9723d8daDe10a	9	7612926	4050391100	1	739185
8453	0x8793cf302b8ffd655ab97bd1c695dbd967807e8367a65cb2f4edaf1380ba1bda	860000000000000000	USDC	WETH	29843522	1090	142	0x72190cfc9dd8db736388ec0d7c03b182a9d79b25e18b90a47c463d90dc853cce	1746476391	0xcBd5Ebd5ab45f0DA6D6d99c92ECe59536d4E50ee	0xA7a22ce2BFEa1acE59Ae60c959f9723d8daDe10a	13	11419388	6066181183	1	290428
8453	0x8793cf302b8ffd655ab97bd1c695dbd967807e8367a65cb2f4edaf1380ba1bda	860000000000000000	USDC	WETH	29843524	925	123	0x4e50daaec6c607d62a10911aa34339752171ceada66eba165e0853e564688463	1746476395	0xD0ebbdC7C2868DC25ece942d98EcA8497ff48639	0xA7a22ce2BFEa1acE59Ae60c959f9723d8daDe10a	11	9516157	5000000000	5	4667429
8453	0x8793cf302b8ffd655ab97bd1c695dbd967807e8367a65cb2f4edaf1380ba1bda	860000000000000000	USDC	WETH	29843527	967	148	0x1ba32a686a81f410f42094397f02adc5c5ed0880a4235f3ebf82e8c721cbe570	1746476401	0x5aabC6565a93771cc576CF5c22B742a83F5Ab885	0xA7a22ce2BFEa1acE59Ae60c959f9723d8daDe10a	9	7612926	4124969909	1	702947
8453	0x8793cf302b8ffd655ab97bd1c695dbd967807e8367a65cb2f4edaf1380ba1bda	860000000000000000	USDC	WETH	29843527	975	150	0xc2f88f06f098b1156b757abcbf4ecd8af79d4db13747ea0d78c81a6831c8dc86	1746476401	0x5499ca6e00A1254e7Cd87FEBe68eb3A251F7d551	0xA7a22ce2BFEa1acE59Ae60c959f9723d8daDe10a	20	18080697	10385881733	1	466769
8453	0x8793cf302b8ffd655ab97bd1c695dbd967807e8367a65cb2f4edaf1380ba1bda	860000000000000000	USDC	WETH	29843532	1085	181	0xd66edc7bf555f71cc23ccd3b9ec7d0a4502e6569a52fc100a5f87a1d976b144d	1746476411	0x81Fa0CfC218ba1F5C02d9c9631c20A1c0051c32e	0xA7a22ce2BFEa1acE59Ae60c959f9723d8daDe10a	5	3806463	2190047943	1	407644
8453	0x8793cf302b8ffd655ab97bd1c695dbd967807e8367a65cb2f4edaf1380ba1bda	860000000000000000	USDC	WETH	29843542	730	131	0x433219170f61d41e654be3b5da5a9a64f4a7d5d78f3e3505f26b02c396255d5f	1746476431	0x2974310d291Eae18e5666De78a8bd5705D49f845	0xA7a22ce2BFEa1acE59Ae60c959f9723d8daDe10a	16	14274234	8113472518	3	2267939
8453	0x8793cf302b8ffd655ab97bd1c695dbd967807e8367a65cb2f4edaf1380ba1bda	860000000000000000	USDC	WETH	29843758	1624	112	0x4a3828146e1b030de80bc9e04dbbbeceafef01c1e4b490a66152c50fff985ed0	1746476863	0x48201d42314946f5b2cEAb65c9C8F76ED054283E	0xA7a22ce2BFEa1acE59Ae60c959f9723d8daDe10a	20	18080684	10000000000	7	6015393
8453	0xa066f3893b780833699043f824e5bb88b8df039886f524f62b9a1ac83cb7f1f0	860000000000000000	USDC	wstETH	29864957	574	153	0x4234ebf55c0df7c1a379137e38ea4027a7df51bc99db6c2e8d25dc301c3eab3e	1746519261	0x4477f22D269FCa0bacE348e7C55bAa1185088ac5	0xA7a22ce2BFEa1acE59Ae60c959f9723d8daDe10a	29	25327820	13235718242	37	33059217
8453	0x5b347b3dcfed096f09040cd30a174ae354ecc0a35c996493b8fa490d6d3e79d7	860000000000000000	USDC	sAMM-USDC/cUSDO	30713201	44	1	0xd8c4f742e223735abdc4ee7df0c0d608430d04ac0d4e696f7b6d48a2e56ca2ba	1748215749	0xE11fb676b91AB22283F84A27e4B3b4946F06983a	0x8F58AbD1F568a87C871F8BFCEb36E14debB08BB4	291692219516	285611158237580134	151135506281266346	72242449112	70736372739406293
8453	0x5b347b3dcfed096f09040cd30a174ae354ecc0a35c996493b8fa490d6d3e79d7	860000000000000000	USDC	sAMM-USDC/cUSDO	30736355	185	71	0x9f25b650e8e602bba43044bf4c86f9c17a6940c4c27ef093ddc7b4ce04c2ec97	1748262057	0xE11fb676b91AB22283F84A27e4B3b4946F06983a	0xE3436fB90f1D2De0854d1e5D3b267CC016552785	1137556700	1113576187044340	590103541735775	11544710182	11301339402135999
8453	0x5d96564285fc3830f51fe495f88c29cc1232fbca61ca8b6edc25bff921efdef2	770000000000000000	USDC	uSUI	31825522	543	210	0xd38dc952e658816e6251ce377860a81435db79afab0de0a5b6b19b37fb7debb1	1750440391	0x3c8999E6b8Ae7Eec906E0bf5de1e26bA4B03B0d8	0xfEd6096F550864f8e1175f1e9DFa105AC911E5b4	1615	1598508897	652694724343035	9	8394960
8453	0xe0a6ea61ee79c0ea05268064525538b8290139b60b972fc83c5d5d26cec7cc89	770000000000000000	USDC	uAPT	31904842	530	180	0xbba23273d91bc693032b4e6aa9000d14afeb782f041b9b2197387b32f914ab63	1750599031	0x3c8999E6b8Ae7Eec906E0bf5de1e26bA4B03B0d8	0xfEd6096F550864f8e1175f1e9DFa105AC911E5b4	7545	7513089423	2110132769666796	27	26824826
8453	0x87ff0aad672898c24411f98555f958e232c048f41e6d3f2059d26c13fad07563	860000000000000000	USDC	wstETH	31906439	2153	272	0x7553373c5029324552cfdd5c419651cd70b53d39403d4ef68e04f48d290621df	1750602225	0xD6Cb7a7b544E24e5160A948a16C45b1096276F9d	0xfEd6096F550864f8e1175f1e9DFa105AC911E5b4	275	266116372	108385749686	1	543330
8453	0x5b347b3dcfed096f09040cd30a174ae354ecc0a35c996493b8fa490d6d3e79d7	860000000000000000	USDC	sAMM-USDC/cUSDO	32324294	149	25	0xf30ea39113ac18c41211931136b66196cc27d645fefda45969bcd88ec75034f9	1751437935	0x76267cF8a7147B7A2aa64ed97669252b105463EB	0x76267cF8a7147B7A2aa64ed97669252b105463EB	6671488040	5422588213551350	3455151829417159	14946005593	12148119474170934
8453	0x5d96564285fc3830f51fe495f88c29cc1232fbca61ca8b6edc25bff921efdef2	770000000000000000	USDC	uSUI	36670864	1506	251	0x3a588d94269bdaa7a9298cfa5bed580c6bff1a78f56818d24eaf88935f4e781c	1760131075	0x6aACF2edaD684643B2FB3A043480895Ec628009D	0xbe3b7E4E4a69b4C8b66FD28EdDC9a5776B597Ed8	3086083095	3006349454346049	1611677000444949823757	277615357	270442742345718
8453	0x8e6712368d2f05b6fff7e0bd4e56c19ad22f9743251bbbe8f2f049d34c9e104d	770000000000000000	USDC	DEGEN	36671410	207	55	0x34df505b9d23969e1cae1d98f911f02dc9965b4a3ad0e1e52d2c246320440162	1760132167	0xce7dC48449A627aed5B4e77d14dE1485323Da873	0xbe3b7E4E4a69b4C8b66FD28EdDC9a5776B597Ed8	595762607	583668687021737	456652920000000000000000	66294902	64949121654075
8453	0x5d96564285fc3830f51fe495f88c29cc1232fbca61ca8b6edc25bff921efdef2	770000000000000000	USDC	uSUI	36685849	161	34	0x152b7b06e96bd99ade56aa29daf8b056c34f9edba29da66513319602a9fa9894	1760161045	0x0D5f8a72B921b1701d92CA86dAe7130b871ddAf0	0x57c05b65B2fbd9e514449d7F7426aCc4A776dD5d	196882	191777214028	78330998184457642	231001873	225013564273367
8453	0x8e6712368d2f05b6fff7e0bd4e56c19ad22f9743251bbbe8f2f049d34c9e104d	770000000000000000	USDC	DEGEN	36685880	523	152	0x2a756d1044eedd0d9e240d8b1e2624455d28f6382898f6ebca8f85fda5111470	1760161107	0x245fcfd93908A7a52F584AAc67B7F47657ADf02e	0x57c05b65B2fbd9e514449d7F7426aCc4A776dD5d	5598	5480698586	3000742157394456656	15600208	15276046669198
8453	0x8e6712368d2f05b6fff7e0bd4e56c19ad22f9743251bbbe8f2f049d34c9e104d	770000000000000000	USDC	DEGEN	36685898	1003	232	0x84c51a4bd1a2157fe74a1ce21a2aacdc627e6ded63878345cbd3bdb524f7fe61	1760161143	0x8A6dd4c89d07b020133Cad55d46161722a61bc98	0x57c05b65B2fbd9e514449d7F7426aCc4A776dD5d	5321	5209449698	2852451622026284590	26912774	26353522684433
8453	0x8793cf302b8ffd655ab97bd1c695dbd967807e8367a65cb2f4edaf1380ba1bda	860000000000000000	USDC	WETH	36920637	815	360	0x394af7dd2004d2fda8e2d5f238cfb8d4069c291efbf5277714207d664250232e	1760630621	0xc734bfB32B567c457Cc9de6c443126e2FB01F95a	0xfEd6096F550864f8e1175f1e9DFa105AC911E5b4	9985	9240323762	2683028574692	35	31818245
8453	0x8793cf302b8ffd655ab97bd1c695dbd967807e8367a65cb2f4edaf1380ba1bda	860000000000000000	USDC	WETH	36921479	152	36	0x6a61ed7aaaff98a2fb492a77f77422b6d02b22f40b16f43647721fdc520f3818	1760632305	0x5680B87D317d3C28528eD2EA051B724848505921	0xfEd6096F550864f8e1175f1e9DFa105AC911E5b4	4285	3964883627	1157935956828	1	20125
8453	0x8793cf302b8ffd655ab97bd1c695dbd967807e8367a65cb2f4edaf1380ba1bda	860000000000000000	USDC	WETH	36928707	151	81	0x21c1e54ffc9e52cac808d268927e5d1d722d34174ac252db90b4f68a16583107	1760646761	0x5dA68351bD082aBDA73E42Ac981dB51d9364fe69	0xfEd6096F550864f8e1175f1e9DFa105AC911E5b4	2873	2657977554	778579912138	5	4358598
8453	0x8793cf302b8ffd655ab97bd1c695dbd967807e8367a65cb2f4edaf1380ba1bda	860000000000000000	USDC	WETH	36928767	654	213	0xdb445196d2fa6fc4704dfd6a36c3668d5160e6ba7affcfd8140f79639e5a6f7e	1760646881	0x2114538393f1F5B13482a416C824B0C402717764	0xfEd6096F550864f8e1175f1e9DFa105AC911E5b4	1115	1030984056	302858950581	2	1745409
8453	0x34f676bd8db106d6cdc90d0fb44145cea2f393310a794812cb1c5a8726b60913	860000000000000000	USDC	wbCOIN	36930472	515	151	0xf5d66d358999088618e8013224f9010244136153ad93d5e4b34fc40ce079fb3f	1760650291	0xA9601cb7afB057Ed60A0E9177c7068933Ff739AC	0xfEd6096F550864f8e1175f1e9DFa105AC911E5b4	69151	69140259574	215748288396954	282225	282184599274
8453	0x8793cf302b8ffd655ab97bd1c695dbd967807e8367a65cb2f4edaf1380ba1bda	860000000000000000	USDC	WETH	36949500	403	65	0x61774ed002771118858b80e694db4a0ccbc06e0528497145c35162d34a398c8e	1760688347	0x778699C7C77667dcefD4bD8e56705dEA62036E70	0xfEd6096F550864f8e1175f1e9DFa105AC911E5b4	75	68478843	20546595459	1	237176
8453	0x8793cf302b8ffd655ab97bd1c695dbd967807e8367a65cb2f4edaf1380ba1bda	860000000000000000	USDC	WETH	37722416	286	89	0x07e1fbe8bfc6d5551a4ad85ac0ef6d255e0260065a7a3069a2421feff05e6d0b	1762234179	0xa83305E565E4D0AfB339500c9010C5d16c66C54f	0xfEd6096F550864f8e1175f1e9DFa105AC911E5b4	10063	9278903244	2950211125182	15	13548201
8453	0x8793cf302b8ffd655ab97bd1c695dbd967807e8367a65cb2f4edaf1380ba1bda	860000000000000000	USDC	WETH	37727396	660	146	0xc57a45e9ea098820007abbda308efbb92a91b9f661b60fa564059072e29bd1fa	1762244139	0x2229a2Bb89C315aa2A9AF393860823F50C716F1d	0xfEd6096F550864f8e1175f1e9DFa105AC911E5b4	55	49796255	16125078626	1	104158
8453	0x9103c3b4e834476c9a62ea009ba2c884ee42e94e6e314a26f04d312434191836	860000000000000000	USDC	cbBTC	37738857	80	66	0x32edad47005078ade15a861f1314093a390a633e0cde070d5cf739d0535f2740	1762267061	0x3c00d804A295843Da2542C23550853b0Ee314416	0xfEd6096F550864f8e1175f1e9DFa105AC911E5b4	990	922805180	1	1	399868
8453	0x8793cf302b8ffd655ab97bd1c695dbd967807e8367a65cb2f4edaf1380ba1bda	860000000000000000	USDC	WETH	37742905	506	1876	0x16c63c123abe6f32906656e8b69af391865e0b6eecb6cbd177987d893425e85f	1762275157	0x39bBBAf0d50e8EB7F7C13F3a5D5d589020Acf1C1	0xfEd6096F550864f8e1175f1e9DFa105AC911E5b4	32878	30315438131	10000000000000	12	10994489
8453	0x8793cf302b8ffd655ab97bd1c695dbd967807e8367a65cb2f4edaf1380ba1bda	860000000000000000	USDC	WETH	37743115	22	73	0x5bddaaf12c702aa03bb34cc2cc9c4c3339ddeb4504051051c3a23e713a525c1b	1762275577	0x8aD4A769d039Db31B7F5f9013873836E85B1177f	0xfEd6096F550864f8e1175f1e9DFa105AC911E5b4	7267	6699874892	2208792904045	2	1012155
8453	0x8793cf302b8ffd655ab97bd1c695dbd967807e8367a65cb2f4edaf1380ba1bda	860000000000000000	USDC	WETH	37743476	178	90	0xef546728369d07838196e92cff8ea9c70916cb0cde70605702071c66aded076b	1762276299	0x835A709f1838e8697DC6be7250d715b3217d5111	0xfEd6096F550864f8e1175f1e9DFa105AC911E5b4	8745	8062704664	2695962419165	17	15186542
8453	0x8793cf302b8ffd655ab97bd1c695dbd967807e8367a65cb2f4edaf1380ba1bda	860000000000000000	USDC	WETH	37743566	642	291	0x96f047d9d87c07784e8c3e0ef8718a85a59a20b0f4319bb5476d898ba9710fdc	1762276479	0xBa5A0F2694B0413f5aC5e6d29140B0DDE37fE7d6	0xfEd6096F550864f8e1175f1e9DFa105AC911E5b4	7431	6851083152	2290646552460	10	8448403
8453	0x8793cf302b8ffd655ab97bd1c695dbd967807e8367a65cb2f4edaf1380ba1bda	860000000000000000	USDC	WETH	37743654	662	2919	0x78047f9eeff97107feb799267ca2c8cf2785ca12fa430889e2b670aed730840d	1762276655	0x4E94771469b5e9069C2442632ec5a7df77561Dd4	0xfEd6096F550864f8e1175f1e9DFa105AC911E5b4	8443	7784228871	2614487309932	32	29129258
8453	0x8793cf302b8ffd655ab97bd1c695dbd967807e8367a65cb2f4edaf1380ba1bda	860000000000000000	USDC	WETH	37743687	822	183	0xbcc65e59506bb140602e0a423b4db9b1918e500dcceb3b59c5a56510cb8ef400	1762276721	0x84f1E86411E681303BFF4F9372f0Af139C59A8c1	0xfEd6096F550864f8e1175f1e9DFa105AC911E5b4	5771	5320421042	1787092154687	3	2760018
8453	0x8793cf302b8ffd655ab97bd1c695dbd967807e8367a65cb2f4edaf1380ba1bda	860000000000000000	USDC	WETH	37743744	536	340	0xb8a43db122558ff2f9e2518959371202bcf739e5c305e6f6032de2378e776b60	1762276835	0x17e6611d1B9304604f322dAC1D9b5a5249cE8372	0xfEd6096F550864f8e1175f1e9DFa105AC911E5b4	7062	6510829178	2179303798433	6	5333382
8453	0x8793cf302b8ffd655ab97bd1c695dbd967807e8367a65cb2f4edaf1380ba1bda	860000000000000000	USDC	WETH	37744825	116	75	0x8ecc2cb41cec99c750bd9f9c29c372758e41574b3d1b85856adf948f0a97b804	1762278997	0x7E67C509bC0132B0c82A2dd589089eb0A0Db6941	0xfEd6096F550864f8e1175f1e9DFa105AC911E5b4	8487	7824763616	2630631991469	17	15290606
8453	0x8793cf302b8ffd655ab97bd1c695dbd967807e8367a65cb2f4edaf1380ba1bda	860000000000000000	USDC	WETH	37744854	230	55	0x78f2270eba4f9b2dce54885b8372178dabd34d9d9d93bdf0b9308d32d346b1cc	1762279055	0x0B29560879f0a315f3aED433e96260d19ecC5dD6	0xfEd6096F550864f8e1175f1e9DFa105AC911E5b4	9494	8753296292	2943106896923	29	26086905
8453	0x8793cf302b8ffd655ab97bd1c695dbd967807e8367a65cb2f4edaf1380ba1bda	860000000000000000	USDC	WETH	37744885	449	193	0x84bba9ab279ec95fdb48ab1d1326641409d47aeac0a410b28bc6b4d50368b3ba	1762279117	0xa826A7D2bBca42E9D10e3a6f6E16a20EDB832554	0xfEd6096F550864f8e1175f1e9DFa105AC911E5b4	5728	5280745981	1775430067315	20	18017858
8453	0x8793cf302b8ffd655ab97bd1c695dbd967807e8367a65cb2f4edaf1380ba1bda	860000000000000000	USDC	WETH	37744974	155	42	0x3e81ed9fbaee6eece8a1aa7c95d4f983853a8d2e611a9026d1aef0278c83b172	1762279295	0xB8E0c456Da53759D377D84daf95091EA0bcF466B	0xfEd6096F550864f8e1175f1e9DFa105AC911E5b4	8616	7943707057	2668652137200	12	10595499
8453	0x8793cf302b8ffd655ab97bd1c695dbd967807e8367a65cb2f4edaf1380ba1bda	860000000000000000	USDC	WETH	37745010	911	3358	0x51b29eebf77624c674ee98f4c2c02bdbce4b6594047be1430a7dc7e8d5d9faa2	1762279367	0x70799C156D1C4dFEb26C3f0a8De1ffec86B995F6	0xfEd6096F550864f8e1175f1e9DFa105AC911E5b4	6901	6362341351	2137242432785	6	4841144
8453	0x8793cf302b8ffd655ab97bd1c695dbd967807e8367a65cb2f4edaf1380ba1bda	860000000000000000	USDC	WETH	37745093	490	77	0x15356ca03cd8d4fcd4aca0abd27274599c019f204bd340cc157f0ad46f705775	1762279533	0x4e1D35F00639c60A23978052173c9B37eA403426	0xfEd6096F550864f8e1175f1e9DFa105AC911E5b4	6215	5729793542	1940702469531	12	10544518
8453	0x8793cf302b8ffd655ab97bd1c695dbd967807e8367a65cb2f4edaf1380ba1bda	860000000000000000	USDC	WETH	37745485	241	107	0x24febb76871ed296d929aa2e4debd46c0ff3e02ae838b465c9c99cf04de0c401	1762280317	0x1f6A67A811053162024DcB640Ec526FD04152186	0xfEd6096F550864f8e1175f1e9DFa105AC911E5b4	5377	4957084216	1681454056213	9	7871353
8453	0x8793cf302b8ffd655ab97bd1c695dbd967807e8367a65cb2f4edaf1380ba1bda	860000000000000000	USDC	WETH	37745608	338	205	0x2e1166017ce4074a23305e5998452e8023d6137515eaf9f804599a1b4c525ea3	1762280563	0xDf8fD5F5A8De8C1B1D78146fa0da0BCcB28C6f60	0xfEd6096F550864f8e1175f1e9DFa105AC911E5b4	8685	8007309887	2731747740624	40	36384022
8453	0x8793cf302b8ffd655ab97bd1c695dbd967807e8367a65cb2f4edaf1380ba1bda	860000000000000000	USDC	WETH	37745647	450	104	0x5b551990d908765424eb2173117966d49b8809ffeff0d4bd7b4129004a5877b5	1762280641	0xEa5a7978DfC8915e457CFAb7CFBCF66Da54fEa20	0xfEd6096F550864f8e1175f1e9DFa105AC911E5b4	99171	91442284259	31137784879129	24	21359498
8453	0x8793cf302b8ffd655ab97bd1c695dbd967807e8367a65cb2f4edaf1380ba1bda	860000000000000000	USDC	WETH	37745697	124	35	0x887056b829f124e9b9b15b7cbe75940dd09c9727ffa76c350d1fe8d08dde3535	1762280741	0xf74844086C6463159a9c9ca42eEA8b917b11Da8e	0xfEd6096F550864f8e1175f1e9DFa105AC911E5b4	9483	8743123571	2978757826072	26	23863373
8453	0x8793cf302b8ffd655ab97bd1c695dbd967807e8367a65cb2f4edaf1380ba1bda	860000000000000000	USDC	WETH	37745727	374	195	0x16c4a925583f2d905834a35f92be703526ed65c053e0f84d05c2d57e5b0f55ac	1762280801	0x82Ad6Ba78532B6B62936C0CF34b3E902D0981709	0xfEd6096F550864f8e1175f1e9DFa105AC911E5b4	6306	5813687771	1980668048557	24	21665149
8453	0x8793cf302b8ffd655ab97bd1c695dbd967807e8367a65cb2f4edaf1380ba1bda	860000000000000000	USDC	WETH	37745783	122	19	0x67757dcda37134d2d9e8c1bfa0caa0cc0e13dd16ba50c1420ad1d931b1caf6d1	1762280913	0xFF5eAc8F99A2b6086f0948187FB759771B92F0f8	0xfEd6096F550864f8e1175f1e9DFa105AC911E5b4	5290	4876857681	1664389313386	41	37292664
8453	0x8793cf302b8ffd655ab97bd1c695dbd967807e8367a65cb2f4edaf1380ba1bda	860000000000000000	USDC	WETH	37745818	391	99	0xc2a0c98ada3b8a64f346d96b2d21f55c653704df2fe23f1af360014b81fda538	1762280983	0xcf17776f8CC6a99eB468D8C7E814452503e47281	0xfEd6096F550864f8e1175f1e9DFa105AC911E5b4	19258	17756406713	6061243824413	37	34112717
8453	0x8793cf302b8ffd655ab97bd1c695dbd967807e8367a65cb2f4edaf1380ba1bda	860000000000000000	USDC	WETH	37745821	734	124	0x8fd06ea2e9c88f50ee635c59d630e0e05c836a2fe3316130a01e84112bc9aa32	1762280989	0xb18F923dCb7a819B92cC62CC13b5Ccdf133e669f	0xfEd6096F550864f8e1175f1e9DFa105AC911E5b4	16090	14835271545	5063983624858	32	28997309
8453	0x8793cf302b8ffd655ab97bd1c695dbd967807e8367a65cb2f4edaf1380ba1bda	860000000000000000	USDC	WETH	37745849	308	94	0x2adda4a7e68a1a75e3fea8a49863251dcddac9dfdbff9e0b811457dc8b792ec0	1762281045	0x3161840CEC50D9FAFF9bb1F06e89AC43b818c93d	0xfEd6096F550864f8e1175f1e9DFa105AC911E5b4	6993	6447150658	2200489922778	46	41748915
8453	0x8793cf302b8ffd655ab97bd1c695dbd967807e8367a65cb2f4edaf1380ba1bda	860000000000000000	USDC	WETH	37745948	295	624	0x238df6a6d722b3d8fa793db49d54fd61913ee65e751ccad151b2c03552c04f8b	1762281243	0x1C66CeaEa84F1bDEeC59DA519062Ee1967a8bd2A	0xfEd6096F550864f8e1175f1e9DFa105AC911E5b4	24606	22687654268	7838731241145	336	309477356
8453	0x8793cf302b8ffd655ab97bd1c695dbd967807e8367a65cb2f4edaf1380ba1bda	860000000000000000	USDC	WETH	37745965	248	540	0x96afdd658f89dc2e499e6df7fc2fc7da8f8593adf8aa81da916b3b00406ecfef	1762281277	0x25E9D35b8a2A118b58E85D4E58f1095c6CEe7A0c	0xfEd6096F550864f8e1175f1e9DFa105AC911E5b4	98675	90984817875	31436939610685	828	763369355
8453	0x8793cf302b8ffd655ab97bd1c695dbd967807e8367a65cb2f4edaf1380ba1bda	860000000000000000	USDC	WETH	37745995	93	142	0xf26c213ec0c8daa50ec4038290d22676691ad15bbbc8339b68381ed0f754f849	1762281337	0x7d8Ff0CDC14330D191Db889fF26F6b5eE6859d8C	0xfEd6096F550864f8e1175f1e9DFa105AC911E5b4	7930	7311130934	2523132837408	86	79202269
8453	0x8793cf302b8ffd655ab97bd1c695dbd967807e8367a65cb2f4edaf1380ba1bda	860000000000000000	USDC	WETH	37746027	689	153	0x234f8585b45317d87781b4fa751f98f1ae4762967ea03aad77a029000ff46a6b	1762281401	0xF9FF1C52eb52a93f3a1e899a68FEFE197B3e32EF	0xfEd6096F550864f8e1175f1e9DFa105AC911E5b4	9864	9094422386	3155390339674	34	30551868
8453	0x8793cf302b8ffd655ab97bd1c695dbd967807e8367a65cb2f4edaf1380ba1bda	860000000000000000	USDC	WETH	37746055	281	101	0xacedad446193e08f3059bfb08102758d3928aadb3036d9fcbafeadc3d2666154	1762281457	0xbB4506f57091812a0FEF7C1517AAF721C0472a79	0xfEd6096F550864f8e1175f1e9DFa105AC911E5b4	8399	7743582133	2660648540634	44	40005688
8453	0x8793cf302b8ffd655ab97bd1c695dbd967807e8367a65cb2f4edaf1380ba1bda	860000000000000000	USDC	WETH	37746084	353	68	0xf74d51257ae179cb86066012e7d66e11a809b65dfe3c43a182924e64bcc0c92c	1762281515	0x1Da5407A15e082E5f538E1C9F1BF3Dcf812D1e15	0xfEd6096F550864f8e1175f1e9DFa105AC911E5b4	103897	95799847011	33000000000000	809	745689978
8453	0x8793cf302b8ffd655ab97bd1c695dbd967807e8367a65cb2f4edaf1380ba1bda	860000000000000000	USDC	WETH	37746153	413	98	0x4d1a3ce548d53250ae392b2a4ccc6bb7cbf9f8c8eeac04473ab9d16af0f45665	1762281653	0x32be33Cc26095D20E13F066314d10E36e10547f1	0xfEd6096F550864f8e1175f1e9DFa105AC911E5b4	68819	63455301823	21972138931940	359	330697179
8453	0x8793cf302b8ffd655ab97bd1c695dbd967807e8367a65cb2f4edaf1380ba1bda	860000000000000000	USDC	WETH	37746177	771	186	0x0d9cfa70a62a48a6b525902a36347ad55a67dd4f271f43ee95ccbdd604e17837	1762281701	0xE1CF1514ddA4760ba20C35f7BBb61ac352a27741	0xfEd6096F550864f8e1175f1e9DFa105AC911E5b4	36593	33740535611	11682737744785	123	112702928
8453	0x8793cf302b8ffd655ab97bd1c695dbd967807e8367a65cb2f4edaf1380ba1bda	860000000000000000	USDC	WETH	37746444	313	98	0xbe204fce9ee1ecf9db5dcbbc1595fece9c994ebe1e70a4c098443a35c4588410	1762282235	0xa71314214A30CC2EA160c1A138D2565D1Aca04B8	0xfEd6096F550864f8e1175f1e9DFa105AC911E5b4	9269	8545767977	2950981491195	4	3029873
8453	0x8793cf302b8ffd655ab97bd1c695dbd967807e8367a65cb2f4edaf1380ba1bda	860000000000000000	USDC	WETH	37747855	254	46	0xc2d9909d837312865efdf3e00dbabd05838524f5c0cb9af5175498aa7ebe5c6c	1762285057	0x37AF98d98c346efEA3F053183Ad02228CeA09f66	0xfEd6096F550864f8e1175f1e9DFa105AC911E5b4	8821	8132626966	2809646996060	3	2205783
8453	0x8793cf302b8ffd655ab97bd1c695dbd967807e8367a65cb2f4edaf1380ba1bda	860000000000000000	USDC	WETH	37748033	929	474	0xc7c47540f543f68be298a055dd6db7d0e350ec029147d776f1efab2acab3d4e2	1762285413	0x7b54B7F47DcD91e6279bd8425CE0E9Cd7192C307	0xfEd6096F550864f8e1175f1e9DFa105AC911E5b4	7448	6866623929	2377023234261	9	7761449
8453	0x8793cf302b8ffd655ab97bd1c695dbd967807e8367a65cb2f4edaf1380ba1bda	860000000000000000	USDC	WETH	37748063	865	304	0x1c9e1e575ccd24dda1b4f3689799c6ff995f0de2c5139d68ae0c756e480dcf15	1762285473	0x6DA58c3A078ba07CF17A136783eC29FBD113443e	0xfEd6096F550864f8e1175f1e9DFa105AC911E5b4	5967	5501043730	1908015182682	6	4945060
8453	0x8793cf302b8ffd655ab97bd1c695dbd967807e8367a65cb2f4edaf1380ba1bda	860000000000000000	USDC	WETH	37748093	850	249	0xfe6e0b7e44bcb2ab25d156e989ce3126dd9933a4da548d1f814d9732844ad178	1762285533	0x24C0e46a108400A828cb404EEE0f3EdB58b4ff98	0xfEd6096F550864f8e1175f1e9DFa105AC911E5b4	6241	5753688920	1991651526166	8	7276031
8453	0x8793cf302b8ffd655ab97bd1c695dbd967807e8367a65cb2f4edaf1380ba1bda	860000000000000000	USDC	WETH	37748247	91	35	0x7f73b9d0d5956efaad62f2eebc2c3c395c9bf7ca33c201c61b6fff6b31affae0	1762285841	0x1456E44B2395A4aa76f37a111485a3ab724AAd52	0xfEd6096F550864f8e1175f1e9DFa105AC911E5b4	5789	5336911485	1855228673552	7	6371565
8453	0x8793cf302b8ffd655ab97bd1c695dbd967807e8367a65cb2f4edaf1380ba1bda	860000000000000000	USDC	WETH	37748311	192	31	0x38aa3395e0096d67411852eaa22a4719a52db272b41a90a7c1951bb702f8e2d1	1762285969	0x3E621351C11f0c7Fb133a8C20c12C407F8c93843	0xfEd6096F550864f8e1175f1e9DFa105AC911E5b4	96785	89241101082	31078481759843	123	113413431
8453	0x8793cf302b8ffd655ab97bd1c695dbd967807e8367a65cb2f4edaf1380ba1bda	860000000000000000	USDC	WETH	37748465	1260	490	0x90ee0f4f54d963cb6c2bb68914aef236a84ec4283c937c62cd7d991b19c47148	1762286277	0x02fA51454BFB6015Ae057f01e5b5980D15Bfb3D1	0xfEd6096F550864f8e1175f1e9DFa105AC911E5b4	8263	7618093044	2657831512606	14	12045594
8453	0x8793cf302b8ffd655ab97bd1c695dbd967807e8367a65cb2f4edaf1380ba1bda	860000000000000000	USDC	WETH	37748513	587	155	0x899cc5ca6bc5b51efbc9e5ec70231667b94c945b685dc3839f8d5ede68864979	1762286373	0xd36faFb10A103A84F288DE008b7A64Db92365B0b	0xfEd6096F550864f8e1175f1e9DFa105AC911E5b4	6741	6214710379	2178558398916	26	23280002
8453	0x8793cf302b8ffd655ab97bd1c695dbd967807e8367a65cb2f4edaf1380ba1bda	860000000000000000	USDC	WETH	37748546	197	43	0xb549ee0f3b347eeec446150e8aca72798e4d2770d40d0ed7831a54f2357fc04f	1762286439	0x3987c5d466a6AA1A0ADAc87FaAf49Ce7e416A9D6	0xfEd6096F550864f8e1175f1e9DFa105AC911E5b4	7886	7270472456	2548814778824	38	34550369
8453	0x8793cf302b8ffd655ab97bd1c695dbd967807e8367a65cb2f4edaf1380ba1bda	860000000000000000	USDC	WETH	37749026	425	833	0x553f5bdd74181ea2c533056fd24e06b30c57fcb184e9fbc01162df36460ceb71	1762287399	0x3Fb8a2573655b7d0eB160219869eD3e839a8175B	0xfEd6096F550864f8e1175f1e9DFa105AC911E5b4	16510	15222317422	5350465767702	18	16339522
8453	0x9103c3b4e834476c9a62ea009ba2c884ee42e94e6e314a26f04d312434191836	860000000000000000	USDC	cbBTC	37749054	1062	1366	0x446a1208ba18a49ca1f8eb4952329918a6fc339e0e024c61c925102d819f59c4	1762287455	0x116cBEE3228097fab7c31575e3C0DCd4B60321ef	0xfEd6096F550864f8e1175f1e9DFa105AC911E5b4	9593	8949575610	10	1	8372
8453	0x8793cf302b8ffd655ab97bd1c695dbd967807e8367a65cb2f4edaf1380ba1bda	860000000000000000	USDC	WETH	37749084	703	277	0x326664d2734af7b69faa520090a6fb7af4cbdb876d18514a8f62a8b042669f92	1762287515	0x4B392b61f2fD6142DD58AF3D69AF47A39592BFe0	0xfEd6096F550864f8e1175f1e9DFa105AC911E5b4	2348	2164078432	775427113052	19	16683686
8453	0x8793cf302b8ffd655ab97bd1c695dbd967807e8367a65cb2f4edaf1380ba1bda	860000000000000000	USDC	WETH	37749118	106	143	0x77b697c226257bb727828b1b99a9c0ca4df6b9c55161b5680fe8a086730f49ad	1762287583	0xAaAa555A4e166c3F9d892BB184347534D3D140BE	0xfEd6096F550864f8e1175f1e9DFa105AC911E5b4	511	470251328	168921198012	6	5099170
8453	0x8e1a07763061c6b9fe883ec888833674819614f5cab86af7558660e49c1942d7	385000000000000000	USDC	DEGEN	37749149	233	67	0xe70c4ad0a0dfbcad4d0e63a84cd4d42714409c90243ecffaa821ebb975893ca9	1762287645	0x4a8C3D6776aA1ef978dDEC29b531c0f571801f68	0xfEd6096F550864f8e1175f1e9DFa105AC911E5b4	761	744706810	600000000000000000	7	6557746
8453	0x8793cf302b8ffd655ab97bd1c695dbd967807e8367a65cb2f4edaf1380ba1bda	860000000000000000	USDC	WETH	37749178	42	17	0x00e9abaf7bedfc8f27b7a0941f8114608824313a4b0b341944e0f4a68f4da7d6	1762287703	0x54c0034CD36118FB7E5875849Ea425E51770bB54	0xfEd6096F550864f8e1175f1e9DFa105AC911E5b4	26226	24181055726	8717311491219	318	292520999
8453	0x8793cf302b8ffd655ab97bd1c695dbd967807e8367a65cb2f4edaf1380ba1bda	860000000000000000	USDC	WETH	37749204	283	55	0xcb1a454f35d0c82d9383df9d87cb2d346f3e7dbe03fede3d15346cd15bcc1651	1762287755	0x866C64018B4A3910e604FFBF232a1c91292eCc32	0xfEd6096F550864f8e1175f1e9DFa105AC911E5b4	8451	7791416663	2798541492009	5	4550461
8453	0x8793cf302b8ffd655ab97bd1c695dbd967807e8367a65cb2f4edaf1380ba1bda	860000000000000000	USDC	WETH	37749236	149	41	0x3917c71b1c75023f04afe371d8d4819a19d3a4b686638b45ff2fea8009c8ec50	1762287819	0x2E552c2d25740BFb2CB3f1dCd5373F4C2D373B58	0xfEd6096F550864f8e1175f1e9DFa105AC911E5b4	50014	46115038787	16507561585836	404	371632418
8453	0x8793cf302b8ffd655ab97bd1c695dbd967807e8367a65cb2f4edaf1380ba1bda	860000000000000000	USDC	WETH	37749264	546	95	0x91c1b64bb29d15fb33d01889cb3fb20fe4d9cbe00abdff489626fab44b20265e	1762287875	0xC0B0c3fA691e5Eb6d7A75f27038305e8c64FC949	0xfEd6096F550864f8e1175f1e9DFa105AC911E5b4	100055	92255886361	32959308405401	476	438535388
8453	0x8793cf302b8ffd655ab97bd1c695dbd967807e8367a65cb2f4edaf1380ba1bda	860000000000000000	USDC	WETH	37749534	576	167	0x3d58a493b849d1e43cbbab1532a67ffcdc16d962111d0e5241e58b93fe821295	1762288415	0xD21960Eb5433778F2998Bf0957f6075881406C22	0xfEd6096F550864f8e1175f1e9DFa105AC911E5b4	26	23051504	8209308652	2	1697596
8453	0x8793cf302b8ffd655ab97bd1c695dbd967807e8367a65cb2f4edaf1380ba1bda	860000000000000000	USDC	WETH	37751304	525	622	0x96de2dbc1663b9255c20e6203aea7ee380bce695a4b460dcce166e664931b3fc	1762291955	0x849FfD2386E61893Dfa48d8131F15e89d57d4f3B	0xfEd6096F550864f8e1175f1e9DFa105AC911E5b4	30372	28003693764	10097301441864	82	75165462
8453	0x8793cf302b8ffd655ab97bd1c695dbd967807e8367a65cb2f4edaf1380ba1bda	860000000000000000	USDC	WETH	37751393	644	571	0xf87a863f553e3caa3f3d000068003c72f925256323f72df4972cc8a6bb4d25af	1762292133	0x6b9683d3D1A91Ed5443dE00d38ef07C85C3eFC28	0xfEd6096F550864f8e1175f1e9DFa105AC911E5b4	330021	304296046581	111426245828937	1252	1154041132
8453	0x8793cf302b8ffd655ab97bd1c695dbd967807e8367a65cb2f4edaf1380ba1bda	860000000000000000	USDC	WETH	37751424	300	159	0x08ef3bf53061d03f783daa4e402fbe1249a7bdf46660e5b759cfc0c19985bd60	1762292195	0x037E039dcE35b493D0f95844fC230bA6BD7219C8	0xfEd6096F550864f8e1175f1e9DFa105AC911E5b4	42450	39140237075	14457887572818	550	506871854
8453	0x8793cf302b8ffd655ab97bd1c695dbd967807e8367a65cb2f4edaf1380ba1bda	860000000000000000	USDC	WETH	37751455	420	153	0x119ca8a9e6624fff223ade57a7ac979ed2d6e3605093c05315813e5de11b3a92	1762292257	0x2B4e969CFa37b87dE366181a17d0fEf4CB9cF605	0xfEd6096F550864f8e1175f1e9DFa105AC911E5b4	42824	39485079352	14433150993231	176	162018564
8453	0x8793cf302b8ffd655ab97bd1c695dbd967807e8367a65cb2f4edaf1380ba1bda	860000000000000000	USDC	WETH	37751483	461	127	0x4fcc2f6299947577f268ef62a0903d6c497aac135a82e2fb458f405d2050d184	1762292313	0x4C4c3B9B55c2fc294Bfdd93dAb5983b54A1dae8A	0xfEd6096F550864f8e1175f1e9DFa105AC911E5b4	42550	39232431757	14371664797381	443	408082679
8453	0x6b52694164c1c86d6e834b05b8d35eb5d178ca2587a059143ac8b159a4dcf225	770000000000000000	USDC	KTA	37800265	714	154	0x170800a1e75e0d069b90ce3aa5d8aa322de3abadf9f84be0dc65e6518242357a	1762389877	0xb88347086Da9dE127c490D6ccbA6E8d447cCa992	0x0000Fa2eBeAb32481233a426Cf147c9241577FBf	91869	87522383502	262271183884177848	6751	6431408851
8453	0x9103c3b4e834476c9a62ea009ba2c884ee42e94e6e314a26f04d312434191836	860000000000000000	USDC	cbBTC	38152954	339	159	0x49a5add54262b51a7eeeedd7e3e99a6458b52d4bd49e58c744c567ca760a2719	1763095255	0xb0D6aebEAe1798DA4a753cf40F216ca31d726822	0xfEd6096F550864f8e1175f1e9DFa105AC911E5b4	12135	11300247319	13	27	25012131
8453	0x9103c3b4e834476c9a62ea009ba2c884ee42e94e6e314a26f04d312434191836	860000000000000000	USDC	cbBTC	38165337	1131	598	0x173538b8f224036453ac4902b678d6813cc14496986038fdfbedab23bec1acbd	1763120021	0xFDA66af7Be7639d5A7ad354a488091663461DECA	0xfEd6096F550864f8e1175f1e9DFa105AC911E5b4	26740	24900286965	29	3	2045336
8453	0x9103c3b4e834476c9a62ea009ba2c884ee42e94e6e314a26f04d312434191836	860000000000000000	USDC	cbBTC	38165642	214	633	0x1b58355a667ffd8dfede40fae599c8e9fea3bd01d0fb458433b983e9ad5c779d	1763120631	0x397C8DbD72D989F5d529B521Eb4b5629441Cb336	0xfEd6096F550864f8e1175f1e9DFa105AC911E5b4	51486	47944555698	56	44	40591146
8453	0x9103c3b4e834476c9a62ea009ba2c884ee42e94e6e314a26f04d312434191836	860000000000000000	USDC	cbBTC	38166598	363	476	0xc7fff627727ff8d355c74950e65734ad2599d6afd1ae7c50d848b94b3e7e98e1	1763122543	0xDFAA27Da28eBF51e584e1D30A76f023dBc4DE9EA	0xfEd6096F550864f8e1175f1e9DFa105AC911E5b4	9161	8530061119	10	6	5449318
8453	0x9103c3b4e834476c9a62ea009ba2c884ee42e94e6e314a26f04d312434191836	860000000000000000	USDC	cbBTC	38167378	355	1761	0xdc1d958ca4ec043d5192cd623b9b2d0976f0b456725288c1bbab89d97a3d862f	1763124103	0x39bBBAf0d50e8EB7F7C13F3a5D5d589020Acf1C1	0xfEd6096F550864f8e1175f1e9DFa105AC911E5b4	910	846484468	1	3	1902367
8453	0x9103c3b4e834476c9a62ea009ba2c884ee42e94e6e314a26f04d312434191836	860000000000000000	USDC	cbBTC	38167439	258	682	0x6e978c00b19adb2689e27a689a281b37d51d65aac3a406079acaff4abc9bf955	1763124225	0x2A17bf9B3e415586eC623B00ed8086de8099c07d	0xfEd6096F550864f8e1175f1e9DFa105AC911E5b4	32655	30408246492	36	5	4186321
8453	0x9103c3b4e834476c9a62ea009ba2c884ee42e94e6e314a26f04d312434191836	860000000000000000	USDC	cbBTC	38169241	349	253	0xfcef016b168bcd01d8aa969a03eb9af5a03ffeb52c0afa847c8571679b9ca1f9	1763127829	0xFbA7f7C9d627f4cE8d69587d357001834F209819	0xfEd6096F550864f8e1175f1e9DFa105AC911E5b4	98777	91981994119	109	83	77083186
8453	0x9103c3b4e834476c9a62ea009ba2c884ee42e94e6e314a26f04d312434191836	860000000000000000	USDC	cbBTC	38205717	773	235	0x5a552b5a277f00ff5da1e544ae3182d2b12db326b2232100608d5afddd45ba5b	1763200781	0xC398220de66c6d664b91148668fA754f8597cdaC	0xfEd6096F550864f8e1175f1e9DFa105AC911E5b4	5508	5127356800	6	190	176695368
8453	0x8793cf302b8ffd655ab97bd1c695dbd967807e8367a65cb2f4edaf1380ba1bda	860000000000000000	USDC	WETH	38261189	246	29	0x3e31d1d093973b4883c868f31cef268eddc1d81aafa2ba0440cd86feeec75814	1763311725	0x3c72E8B6809D44a1cCabEcD3f30DF734d78A73c6	0xfEd6096F550864f8e1175f1e9DFa105AC911E5b4	3032	2788136914	1031561291151	3	2601800
8453	0x8793cf302b8ffd655ab97bd1c695dbd967807e8367a65cb2f4edaf1380ba1bda	860000000000000000	USDC	WETH	38261550	192	53	0x0252ef5ceffc4dd05f154f55b2f5ff662a6d4989ed0c5d3179341a77a0e539c4	1763312447	0x286932721F7996C89B41818a19973BB34EfDf740	0xfEd6096F550864f8e1175f1e9DFa105AC911E5b4	582	534445639	197959541461	1	787537
8453	0x8793cf302b8ffd655ab97bd1c695dbd967807e8367a65cb2f4edaf1380ba1bda	860000000000000000	USDC	WETH	38263280	1393	1390	0x351638a3da466354d911470d3b3476cfe20b7e5bc7640110a0c53ee968c933dd	1763315907	0x686481687aa70Fa7E9D506b1ef5A7C15EEa7b8ee	0xfEd6096F550864f8e1175f1e9DFa105AC911E5b4	926	850873919	318695933535	7	6198344
8453	0x8793cf302b8ffd655ab97bd1c695dbd967807e8367a65cb2f4edaf1380ba1bda	860000000000000000	USDC	WETH	38309337	239	157	0xa1e0dbd7ccd3f74144a96f6d0be614e49f77e453284b338fb1ee92a9bbfd5c4c	1763408021	0x815A127e95b7D58A87a5D77d450097354B50fb7F	0xfEd6096F550864f8e1175f1e9DFa105AC911E5b4	274	251068811	94629415601	1	915497
8453	0x8793cf302b8ffd655ab97bd1c695dbd967807e8367a65cb2f4edaf1380ba1bda	860000000000000000	USDC	WETH	38309729	598	1274	0x824a0b8570eb825285d922e01a538ce9edf4304d29149b36d4ca0d581c2e8865	1763408805	0x4f47c96018663A069Cd88546A0Bbab59Ab0e426c	0xfEd6096F550864f8e1175f1e9DFa105AC911E5b4	3851	3540707541	1349296710912	4	3515647
8453	0x8793cf302b8ffd655ab97bd1c695dbd967807e8367a65cb2f4edaf1380ba1bda	860000000000000000	USDC	WETH	38310269	125	511	0x68382b416ab3ed1b96eee680213d54a9cd8ec24f979656cec82f436ffdd12be2	1763409885	0x0b7432a07466BfFeb789E32e347f34d08234DCDC	0xfEd6096F550864f8e1175f1e9DFa105AC911E5b4	5669	5212643799	2000000000000	7	5608341
8453	0xb609f1d824d70a2127092333f591080be01555535c61d93252dd778e1fa88920	915000000000000000	USDC	yUSD	38392387	244	359	0x27590f4eeb88ee6668053ddd689ff4403d373926425fbedeee90ecc6367f6037	1763574121	0xfBd53B2C580ED6a031A3Ba02B6a3f384c7173539	0x37829FE9b8e67B8267C2058b9459f524b9E3ca5d	3412507102	3332959550846152	3563860582981922449582	131947506	128871732116757
8453	0x8793cf302b8ffd655ab97bd1c695dbd967807e8367a65cb2f4edaf1380ba1bda	860000000000000000	USDC	WETH	38433901	541	146	0xf8c7506e87a44c23b87606f5e9d7844115beb3b985f8a14e1eb999c429a16a72	1763657149	0xCD1d91710D14F0f77A38C2aEEb31469B44236E16	0xfEd6096F550864f8e1175f1e9DFa105AC911E5b4	978	897995439	355494826006	2	1018738
8453	0x34f676bd8db106d6cdc90d0fb44145cea2f393310a794812cb1c5a8726b60913	860000000000000000	USDC	wbCOIN	38435741	683	171	0xff0ac1e3a20a05622b8aeb8538f00161ba40d55a530939ab61c5bb469e6d7594	1763660829	0xCe029f6EE3C8D7E6c9338c04171B895a22428dE3	0xEaa01d82f5d9a58e61A06e794DB4A5736fc9531c	1234458995	1234151015790050	5321299681871961097	112198505	112170512637368
8453	0x8793cf302b8ffd655ab97bd1c695dbd967807e8367a65cb2f4edaf1380ba1bda	860000000000000000	USDC	WETH	38438097	474	127	0x69ba0a57a06e42db28107d0161cc49c6a77f6c1304e6ac120fa6c57b41f5f7b9	1763665541	0xF68d4b506ED84e4c9F30652dA9c511A32Bd1A192	0xfEd6096F550864f8e1175f1e9DFa105AC911E5b4	34	30330840	12164396215	2	1274094
8453	0x8793cf302b8ffd655ab97bd1c695dbd967807e8367a65cb2f4edaf1380ba1bda	860000000000000000	USDC	WETH	38460236	168	1256	0xc32762dee961e949097a8e7dc26bffe792fb96dafdab7d0a538fd69c89773f4a	1763709819	0x6CDA275cc6EBf7b4F060BA403E27141B4Fd707bf	0xfEd6096F550864f8e1175f1e9DFa105AC911E5b4	1181	1084438656	446179500456	4	3578578
8453	0x9103c3b4e834476c9a62ea009ba2c884ee42e94e6e314a26f04d312434191836	860000000000000000	USDC	cbBTC	38460596	221	285	0xc9eab2ac3e306f54a8b1f18125099a71551cdfbaf767a184c266d07c0ddc8808	1763710539	0x4F48311F96271E365eA236DA0C41B7e313BB45d6	0xfEd6096F550864f8e1175f1e9DFa105AC911E5b4	9579	8907241299	12	1	45141
8453	0x9103c3b4e834476c9a62ea009ba2c884ee42e94e6e314a26f04d312434191836	860000000000000000	USDC	cbBTC	38464353	463	452	0xce5bd92e3c8a7dd6de487dc834b40815498966107e29457e474fca8a9814040d	1763718053	0x53E9bBd1995CEd96D8fd4B0d700DE46cD2FE66B7	0xfEd6096F550864f8e1175f1e9DFa105AC911E5b4	11859	11027379620	15	5	4616525
8453	0x9103c3b4e834476c9a62ea009ba2c884ee42e94e6e314a26f04d312434191836	860000000000000000	USDC	cbBTC	38464737	69	275	0xf68694f3971e37841f14f16c7f38a0c961c2005d0d0904f18d30b57bad767c6b	1763718821	0xad7b257562935375c66cdCD4538Fb7668fB184c5	0xfEd6096F550864f8e1175f1e9DFa105AC911E5b4	790	733731417	1	1	713760
8453	0x8793cf302b8ffd655ab97bd1c695dbd967807e8367a65cb2f4edaf1380ba1bda	860000000000000000	USDC	WETH	38480790	354	239	0xf19164e74065e3985e646bc2a197c12d56899bb0354d6d15f9f8b6f8b09d5ee0	1763750927	0x47bFF18E462912Ab61a465b2bc229e3857491AA6	0xfEd6096F550864f8e1175f1e9DFa105AC911E5b4	28	24811004	9746651633	2	1616089
8453	0x9103c3b4e834476c9a62ea009ba2c884ee42e94e6e314a26f04d312434191836	860000000000000000	USDC	cbBTC	38497738	325	117	0x0652df93124e8d6040e939e0eb5827a19bbb8eb9446b60ddcdeb9f1f0a61082a	1763784823	0xe47c918321ecb5bAb8CF7F7a01014970dB742937	0xfEd6096F550864f8e1175f1e9DFa105AC911E5b4	7260	6749488262	9	134	124245536
8453	0xa60e9b888f343351dece4df8251abe5858fc5db96e8624d614a6500c3a3085ea	770000000000000000	USDC	uSOL	38913210	103	34	0x00eb6d70c1850a94bf6f4866299d1932e4b6e750ede34a7a01e55cf676274e81	1764615767	0x21929B13765d7885ad4176Af24361e74ee7e13F4	0xfEd6096F550864f8e1175f1e9DFa105AC911E5b4	1652	1552612526	14289731405569	431	404708008
8453	0x5b347b3dcfed096f09040cd30a174ae354ecc0a35c996493b8fa490d6d3e79d7	860000000000000000	USDC	sAMM-USDC/cUSDO	38993125	737	248	0x5a69fb5285680593fa2b033e50747beb72633874690cb2f9e4c18d46f56568cf	1764775597	0x1DcdA8Be26cF95d2b6f92Fb2CeDBb64f0eCDaa21	0xc24A3623E548A7b50E76462d9f66f77E4ab03935	2451495	964731314180	1261929869901	61953	24380172270
8453	0xb9e11c3ed6872653a7e203fc45bf33f4cda348e87613185f67e06794dcdef335	625000000000000000	USDC	LCAP	39226349	43	14	0x7195c9f20ecab52f5766aa5982487fd67b52d122776954492cbdc1f6c7bfce20	1765242045	0x351aE3Dc26017A6ca512De190Edc60cAE71DDbb3	0x6EECb7F6e85093cEADcAd70562519233085C5f5C	10777	10760017507	1392499991659518	33493	33443113758
8453	0x5b347b3dcfed096f09040cd30a174ae354ecc0a35c996493b8fa490d6d3e79d7	860000000000000000	USDC	sAMM-USDC/cUSDO	40376944	350	88	0x8d7458c915ec62f8a01a5893b3f2401c20ded7ccb1534f052e9726d7ad8c6f36	1767543235	0xa5A0EAd3854e385aEDCAC6c11E7AF7D140BF5c23	0xe2147220668E1946D0040F164CCAa7a07038e59a	21564752	4208059872164	11088628215032	2626583	512540953972
8453	0x5b347b3dcfed096f09040cd30a174ae354ecc0a35c996493b8fa490d6d3e79d7	860000000000000000	USDC	sAMM-USDC/cUSDO	40377388	926	207	0xed81814371e9c6da7278006471513f461e50b0141210d94152c28c4ea0c6e09a	1767544123	0xFD5c79072831CCeE0dFD8cb3d28b9135753A890f	0xe2147220668E1946D0040F164CCAa7a07038e59a	427850	83484525660	220000000000	2231	435301254
8453	0x5b347b3dcfed096f09040cd30a174ae354ecc0a35c996493b8fa490d6d3e79d7	860000000000000000	USDC	sAMM-USDC/cUSDO	40377407	160	22	0xcfabbe5630df44d044228a4c56911cff331f360ab31aaa4a2affbcf3b2fe93d5	1767544161	0x715DF648445016310030797253afed7f32dEA665	0xe2147220668E1946D0040F164CCAa7a07038e59a	225178	43937838461	115785660379	282991	55218830529
8453	0x5b347b3dcfed096f09040cd30a174ae354ecc0a35c996493b8fa490d6d3e79d7	860000000000000000	USDC	sAMM-USDC/cUSDO	40377416	1511	165	0xe40258e01bd34ad04b8401cee62919267a8575f9593ff02ba1f79cb9c3475137	1767544179	0x01bD660b5b8f50878631B194b568F7C862fEE8fc	0xe2147220668E1946D0040F164CCAa7a07038e59a	209961	40968574096	107961054289	10445	2038083643
8453	0x5b347b3dcfed096f09040cd30a174ae354ecc0a35c996493b8fa490d6d3e79d7	860000000000000000	USDC	sAMM-USDC/cUSDO	40431598	894	136	0x70dc354b3ea23bb6b53c17dd155682b647401f42a8316a91e9fba4b434df7b81	1767652543	0xc8d43e6caaF612C962A9Ab9f370740067E51A167	0xe2147220668E1946D0040F164CCAa7a07038e59a	139318	27043244534	71635092820	22030	4276139542
8453	0xcf21c3ca9434959fbf882f7d977f90fe22b7a79e6f39cada5702b56b25e58613	915000000000000000	USDC	PT-USR-24APR2025	40549132	1061	234	0x674c7a78254c946f5eac3ae4266a44418e0df0ced5d508ef6a4f152ed9a274a2	1767887611	0xf603265f91f58F1EfA4fAd57694Fb3B77b25fC18	0xaa7D4738139c9e5af48ba52E14368F8A5Ffe62Dc	5014324	371541466918	5145533516128055811	8481675	628458533082
8453	0xb3920b96dec75b6a1144b71f963f30236fb200f3e33e93c2e9c0d222c1fa53c2	625000000000000000	USDC	stkWELL	41079357	784	151	0xafb3693fc8b121cea9a6c34a7bd0cbbda1ce21d8b8fde24e2941d94b001b6f75	1768948061	0x0C5Ae334f15038C687c0CEF3d675FDd64e541E8f	0xF634C3Fa09e78590ADDCEf89C7b6D68E30AadE40	22838	22429102049	4000000000000786432	4200	4124975397
8453	0x32ab655391459b885cee183e15edd2572064f01c8b8d62b0817bfe9c9fa371db	770000000000000000	USDC	SKI	41482463	424	81	0x72b13391bb79c020223804dce4ceb81add3a365c043bc2ff3ba57c12e561888e	1769754273	0x16A0134A796E35c3A951036bE3B10f0dF42e512C	0xb7Ea2b36A2c94F1b17939e77a20e0Cf409c88bfa	77102	74583328760	10487974616	1777	1718781660
8453	0x6b52694164c1c86d6e834b05b8d35eb5d178ca2587a059143ac8b159a4dcf225	770000000000000000	USDC	KTA	41486153	1843	190	0xb00982d03a0e238f440365c99cb095618642974ba3b7c535e2141b605444a814	1769761653	0x170561bc2dCb38B687B302779265Ca77B7da66e7	0xb7Ea2b36A2c94F1b17939e77a20e0Cf409c88bfa	5203	4797288293	20000000000000000	787	725600007
8453	0x6b52694164c1c86d6e834b05b8d35eb5d178ca2587a059143ac8b159a4dcf225	770000000000000000	USDC	KTA	41486156	1399	79	0xae1dfb612e7db8e16d07177d975bd4253a16da9190908ac592c0406733c578a7	1769761659	0xEF3455979FfC7bA9867055a91add4B37AaCc4468	0xb7Ea2b36A2c94F1b17939e77a20e0Cf409c88bfa	5203	4797288222	20000000000000000	1129	1040849241
8453	0x8e6712368d2f05b6fff7e0bd4e56c19ad22f9743251bbbe8f2f049d34c9e104d	770000000000000000	USDC	DEGEN	41486167	416	66	0xe37be2de94a4b014e7d4e8f458d423456cbc1c79a667121ed5892ff12c639adc	1769761681	0xcb685F551b63C9833d2d2c0A52E967ecc4228A2a	0xb7Ea2b36A2c94F1b17939e77a20e0Cf409c88bfa	6040	5799086502	7000000000000000000	2436	2338817241
8453	0x8e6712368d2f05b6fff7e0bd4e56c19ad22f9743251bbbe8f2f049d34c9e104d	770000000000000000	USDC	DEGEN	41486176	1242	114	0xe92ccffcf4348fcf72612db1d3b0ced52100e49c7a0ce4a2aa247975c38533db	1769761699	0x9cd499deBE5833dD87EF1c0d2684f4717b319d16	0xb7Ea2b36A2c94F1b17939e77a20e0Cf409c88bfa	4315	4142704779	5000000000000000000	5398	5183420233
8453	0x8e6712368d2f05b6fff7e0bd4e56c19ad22f9743251bbbe8f2f049d34c9e104d	770000000000000000	USDC	DEGEN	41486179	1253	223	0x7d7a6eee76b70c04973a8f7cdcd75355e8756044208dd3f5f11cf45764fa0715	1769761705	0x093A9bB4ccF20396bc67B783b56b277ce080e002	0xb7Ea2b36A2c94F1b17939e77a20e0Cf409c88bfa	4315	4142796016	5000000000000000000	4296	4124804821
8453	0x758ac82c95ef3ac936a812b5f4433f7eb14803dbe8d6d8534fd17215ede99bb1	770000000000000000	USDC	TOSHI	41486212	906	173	0x7ed9e7c0f3ded136879d6d75db9bfe63d1a1375cda3ffd3fa956fbfd4f86c87d	1769761771	0x8e9276Dc4368230aDc0A9DEb8aFCC68312bF847c	0xb7Ea2b36A2c94F1b17939e77a20e0Cf409c88bfa	4879	4213725604	21190000000000000000	2796	2415100389
8453	0x758ac82c95ef3ac936a812b5f4433f7eb14803dbe8d6d8534fd17215ede99bb1	770000000000000000	USDC	TOSHI	41486214	1019	79	0x1f7f20ef32286136875681ece5cb02a0953725b84f311529b52b6ee905e17066	1769761775	0xb88347086Da9dE127c490D6ccbA6E8d447cCa992	0xb7Ea2b36A2c94F1b17939e77a20e0Cf409c88bfa	4829	4170534358	20970000000000000000	4142	3577738992
8453	0x758ac82c95ef3ac936a812b5f4433f7eb14803dbe8d6d8534fd17215ede99bb1	770000000000000000	USDC	TOSHI	41486217	1181	68	0x1fee64ede8533620f5c7d42a859c1a2690fc929fd4fafe9dd11c2f24f85dd7af	1769761781	0x2193A938B66BBdc953022E7E92f2408a0749CAeb	0xb7Ea2b36A2c94F1b17939e77a20e0Cf409c88bfa	4085	3527850361	17740000000000000000	3603	3111878300
8453	0x758ac82c95ef3ac936a812b5f4433f7eb14803dbe8d6d8534fd17215ede99bb1	770000000000000000	USDC	TOSHI	41486219	447	82	0xe4ed6553b2248f374d26ab16c9dfc7ca092adbb7cb5f62fdf52908fc539fe373	1769761785	0xF1E4995D7E9ba3AcafD0c11A006f420Bea62dCcc	0xb7Ea2b36A2c94F1b17939e77a20e0Cf409c88bfa	3455	2983642208	15000000000000000000	4716	4073170900
8453	0x758ac82c95ef3ac936a812b5f4433f7eb14803dbe8d6d8534fd17215ede99bb1	770000000000000000	USDC	TOSHI	41486222	410	84	0x925be2362f73a3b72db40f10d3f085816f9eb44f2d538628f7bd262206663801	1769761791	0x54515e99ebf76b7f38c7460B29630BE1cCaDf6DE	0xb7Ea2b36A2c94F1b17939e77a20e0Cf409c88bfa	2667	2302950134	11580000000000000000	1459	1260228349
8453	0x758ac82c95ef3ac936a812b5f4433f7eb14803dbe8d6d8534fd17215ede99bb1	770000000000000000	USDC	TOSHI	41486225	1612	225	0xf51aa06bf03112ee9789be66fb91f0fad5b7d089f83586c5a85d1f70c3315dcf	1769761797	0x82D5859C8993bb2A48A426883C6980834eb21b19	0xb7Ea2b36A2c94F1b17939e77a20e0Cf409c88bfa	2515	2171649052	10920000000000000000	1311	1131654913
8453	0x758ac82c95ef3ac936a812b5f4433f7eb14803dbe8d6d8534fd17215ede99bb1	770000000000000000	USDC	TOSHI	41486228	512	117	0xab6cac6ac57bc2e539db7382a5e05e0e85c7b0b0153d1c7833452fbbbbfb6826	1769761803	0x62861155b0397D71cBAC15e4EE2A80C2f6BC135F	0xb7Ea2b36A2c94F1b17939e77a20e0Cf409c88bfa	1887	1629168626	8190000000000000000	1067	920849051
8453	0x758ac82c95ef3ac936a812b5f4433f7eb14803dbe8d6d8534fd17215ede99bb1	770000000000000000	USDC	TOSHI	41486231	479	55	0x98fd1407057221e50dccf7c4589edbc6990c5bbe97fe2e9296de0d97d1823da2	1769761809	0xA2D2FfF3dc56ec29465D342D2e2a445749901CAC	0xb7Ea2b36A2c94F1b17939e77a20e0Cf409c88bfa	1565	1351017823	6790000000000000000	3622	3128425462
8453	0x758ac82c95ef3ac936a812b5f4433f7eb14803dbe8d6d8534fd17215ede99bb1	770000000000000000	USDC	TOSHI	41486235	536	86	0x5517f7cfaeeb72225d3a3a9896d5da3b8202408c9f47897b49c266e95145e231	1769761817	0x148Ff93aF24A7c673a7643356AE7dA219bB9d522	0xb7Ea2b36A2c94F1b17939e77a20e0Cf409c88bfa	437	376626429	1890000000000000000	388	334524229
8453	0x8793cf302b8ffd655ab97bd1c695dbd967807e8367a65cb2f4edaf1380ba1bda	860000000000000000	USDC	WETH	41545907	466	1011	0x7e11053565036b67debe2af567d002c370843badc6ce46cc74dbf498ab1fd967	1769881161	0xa3037c82a60e99eBf8cc38B51044cBea3aBecE91	0x69D609F59D53Ba707C5AB0eaE1AE753E3aE6F54d	9331	8480270869	4040000000000	48	42899948
8453	0x9103c3b4e834476c9a62ea009ba2c884ee42e94e6e314a26f04d312434191836	860000000000000000	USDC	cbBTC	41578654	409	68	0x0d1d80eb2e036103e5b0b10c4c0063536228c4e6540db792195302af7693cada	1769946655	0x128249789c8848516A5a8Be9870B1c68B8F22fBD	0x19eF0140c656BE855994760745F75AB367768C72	9807	9013342773	13	255	234295911
8453	0x8793cf302b8ffd655ab97bd1c695dbd967807e8367a65cb2f4edaf1380ba1bda	860000000000000000	USDC	WETH	41616433	402	198	0x0e97414b91777eff2e1c82f8d1ab2d4629689c1e7e2051ffe1ee165128912464	1770022213	0x66A25c48664E2ABBeb6eb5C5Fe9A6DF23e60Db4B	0xc41b1AF25Ea9AD03E81A4d551454e9f4f519AE4e	8705	7909661436	4040000000000	748	679654625
8453	0x8793cf302b8ffd655ab97bd1c695dbd967807e8367a65cb2f4edaf1380ba1bda	860000000000000000	USDC	WETH	41616435	448	202	0x6c7cd1c546a7dfd5c28bfcc9c79584a8cdb5aaf61bfb3b26efcd9ecb3766107a	1770022217	0x28ae8a097380430C0437845Efe2e50aB2E50D09a	0xc41b1AF25Ea9AD03E81A4d551454e9f4f519AE4e	8705	7909661390	4040000000000	748	679654616
8453	0x8793cf302b8ffd655ab97bd1c695dbd967807e8367a65cb2f4edaf1380ba1bda	860000000000000000	USDC	WETH	41616438	215	73	0xe8199ed574736c3e01df237c9d838aaad6c45826ff23de29b09c57526d3b29d5	1770022223	0x01Bc9e5Bbe378E6Ae45AbcF16e517E43A8633435	0xc41b1AF25Ea9AD03E81A4d551454e9f4f519AE4e	8705	7909661322	4040000000000	659	598812485
8453	0x8793cf302b8ffd655ab97bd1c695dbd967807e8367a65cb2f4edaf1380ba1bda	860000000000000000	USDC	WETH	41616441	522	271	0x01ba37bd95662f03a20972cf36f29b795ba23cb4d515881d6c929d161c2106d1	1770022229	0x59c1dC9577F8Eda3bAcc80832092c942D83CEba0	0xc41b1AF25Ea9AD03E81A4d551454e9f4f519AE4e	7240	6578359124	3360000000000	611	555080078
8453	0x8793cf302b8ffd655ab97bd1c695dbd967807e8367a65cb2f4edaf1380ba1bda	860000000000000000	USDC	WETH	41616443	596	290	0x913a892608a54560fe7c0a85348e5c2e1e4afd7080a987b82d94e79c2f808de1	1770022233	0x2285e05d5E353FD24dAECe7bD2Ce81f025D0b500	0xc41b1AF25Ea9AD03E81A4d551454e9f4f519AE4e	7240	6578359086	3360000000000	610	554161568
8453	0x8793cf302b8ffd655ab97bd1c695dbd967807e8367a65cb2f4edaf1380ba1bda	860000000000000000	USDC	WETH	41616445	331	191	0x92455fb7df5bb3fb1a3876d49b1a5a199064b798a40a3b026efd559ed1142343	1770022237	0x937a55e1D17e663c21017bd1249c4aC7c8E174DA	0xc41b1AF25Ea9AD03E81A4d551454e9f4f519AE4e	7240	6578359048	3360000000000	611	555080061
8453	0x8793cf302b8ffd655ab97bd1c695dbd967807e8367a65cb2f4edaf1380ba1bda	860000000000000000	USDC	WETH	41616447	767	392	0x71fa003aebdf219b21c71c0536f1f2b50f12d0e56b62a21162596b45460925f8	1770022241	0x28d783bA674fFeCfcfa72638E9933D7a306b32D1	0xc41b1AF25Ea9AD03E81A4d551454e9f4f519AE4e	7240	6578359010	3360000000000	615	558744990
8453	0x8793cf302b8ffd655ab97bd1c695dbd967807e8367a65cb2f4edaf1380ba1bda	860000000000000000	USDC	WETH	41616449	721	194	0x4d85600244aebca62fdc86cd69da6dff7041ce54fe46d46884d39b1aa7e15ce8	1770022245	0x7e9B3d5349c7CF2bC0674aBC0F5cC84A2b692296	0xc41b1AF25Ea9AD03E81A4d551454e9f4f519AE4e	7240	6578358973	3360000000000	615	558744864
8453	0x8793cf302b8ffd655ab97bd1c695dbd967807e8367a65cb2f4edaf1380ba1bda	860000000000000000	USDC	WETH	41616451	1031	397	0xb378b5d4226cea95300395a13fb2f76832ed3296c1cf8320c831327b8d392b17	1770022249	0x3f9ABBaE87c0C0c775401Ca78D45c48e376F5dDD	0xc41b1AF25Ea9AD03E81A4d551454e9f4f519AE4e	7240	6578358935	3360000000000	617	560581948
8453	0x8793cf302b8ffd655ab97bd1c695dbd967807e8367a65cb2f4edaf1380ba1bda	860000000000000000	USDC	WETH	41616454	176	50	0xf5a0f649fb7f2722cfa9b3b10c7cdc8372ca061d1f9787f232328c66baee670a	1770022255	0xa25a29ECBa12639Ab994A14761490D45E8864D5F	0xc41b1AF25Ea9AD03E81A4d551454e9f4f519AE4e	7240	6578358878	3360000000000	611	555070728
8453	0x8793cf302b8ffd655ab97bd1c695dbd967807e8367a65cb2f4edaf1380ba1bda	860000000000000000	USDC	WETH	41616457	222	75	0x0f78c261e6c948b47f3dcd4d6a80ed12c0d922251c2bdba979e611b6e2ab81e2	1770022261	0xf69D2a66BEc3fFbf4a87b71E042de23fd705d470	0xc41b1AF25Ea9AD03E81A4d551454e9f4f519AE4e	4311	3916663423	2000000000000	291	264164048
8453	0x8793cf302b8ffd655ab97bd1c695dbd967807e8367a65cb2f4edaf1380ba1bda	860000000000000000	USDC	WETH	41616459	1031	413	0xb37889d5fcac3904e85ee34320cb24b1bd14e2c830f99ee4e0f4a24b9fc8ff54	1770022265	0xC0bc39a42Dbf1BC2452ca393375571759b7e6269	0xc41b1AF25Ea9AD03E81A4d551454e9f4f519AE4e	4311	3916663401	2000000000000	292	265072436
8453	0x8793cf302b8ffd655ab97bd1c695dbd967807e8367a65cb2f4edaf1380ba1bda	860000000000000000	USDC	WETH	41616461	506	232	0xe988aa95eef39bdfe59aea1ade9292b0c6161f799ff6d95f73866abedb95a275	1770022269	0xf49a33d33338f1adec055C8598d5f513c6B6A60f	0xc41b1AF25Ea9AD03E81A4d551454e9f4f519AE4e	4311	3916663378	2000000000000	326	295779579
8453	0x8793cf302b8ffd655ab97bd1c695dbd967807e8367a65cb2f4edaf1380ba1bda	860000000000000000	USDC	WETH	41616465	436	212	0x434463bc360a27ca6ad362fd8a1fcd498416457d5606208648332d8b2b63d577	1770022277	0x18E2a51708d98C7C3A0493a0D0Fab1F95A8c8259	0xc41b1AF25Ea9AD03E81A4d551454e9f4f519AE4e	2416	2194603701	1120600000000	164	148901682
8453	0x9103c3b4e834476c9a62ea009ba2c884ee42e94e6e314a26f04d312434191836	860000000000000000	USDC	cbBTC	41678190	204	130	0x6bfac47c9b50821887ba6a2eb37460a7118783e6e6eac7bc07d9ceb73cae1254	1770145727	0xA64A8564F2Bc915964A15663A0Eeb5117B0fB559	0x19eF0140c656BE855994760745F75AB367768C72	11257	10343095621	16	603	553648548
8453	0xf4254bb9db550a5e61302b0db6d90f29ceda324496e9783b93d7da054bb33635	770000000000000000	USDC	doginme	41745144	352	73	0xee7a3bd6c9297477e2ba926f73c2bbd01724de9c450cacd85c243be5c4fef8dd	1770279635	0x62861155b0397D71cBAC15e4EE2A80C2f6BC135F	0xE6E3F8B510FEcaB4b9f74df24cEdE54567Ee2F14	1121	1064027652	12210000000000000000	1762	1673604504
8453	0xf4254bb9db550a5e61302b0db6d90f29ceda324496e9783b93d7da054bb33635	770000000000000000	USDC	doginme	41745146	494	87	0x74876826ea31e640170c7608ab44ef7a926ab81db97b45223351ffbb832eb8cf	1770279639	0x91f185659882CDFAb97645E7B1532Ca4Abad5297	0xE6E3F8B510FEcaB4b9f74df24cEdE54567Ee2F14	1099	1043127100	11960000000000000000	855	811774072
8453	0xf4254bb9db550a5e61302b0db6d90f29ceda324496e9783b93d7da054bb33635	770000000000000000	USDC	doginme	41745221	400	46	0x74154e5e3db736f9a18d9c500d0f8694f8f912bf686a377c8893846df3728b3a	1770279789	0xcCe90dEB9D08c4De2e23482D1e2d57C7A673fEA3	0xb7Ea2b36A2c94F1b17939e77a20e0Cf409c88bfa	3980	3780146926	43370000000000000000	4123	3916616091
8453	0xf4254bb9db550a5e61302b0db6d90f29ceda324496e9783b93d7da054bb33635	770000000000000000	USDC	doginme	41745223	801	205	0x5cc41d7ba49f4565ae705d62ed8d178a2dfbbb573d0b659879044c53ac353b05	1770279793	0x65C2550C288A98eA1Ac8d4679aC900899C5f13Ee	0xb7Ea2b36A2c94F1b17939e77a20e0Cf409c88bfa	71	66501705	760000000000000000	25	23056489
8453	0x67a66cbacb2fe48ec4326932d4528215ad11656a86135f2795f5b90e501eb538	770000000000000000	USDC	superOETHb	41755997	468	122	0x4836e26a3d38ec2761a17b726a808528fad1e9fad8e20111cb044194425c99b1	1770301341	0xA1f043B6E8333F35eFda6413E211691d9af0C869	0x0584F2a2998Bd7d891cE0AC529C9d4104AD13Ad4	13389	12990743063	6979317049246	1702	1651477148
8453	0x5b347b3dcfed096f09040cd30a174ae354ecc0a35c996493b8fa490d6d3e79d7	860000000000000000	USDC	sAMM-USDC/cUSDO	41758896	447	110	0xdf45e28b431b273509ac618a11d1d91d6fed786bc2c94f916db41d19c2db77fe	1770307139	0xc56DE2702B3C8C41EfEc418A94eeD42de2470724	0x888888887A487f209e31a692B227d8D1ff9070ba	11850179	1606362908408	6086816083684	2169165	294043383920
8453	0x13c42741a359ac4a8aa8287d2be109dcf28344484f91185f9a79bd5a805a55ae	860000000000000000	USDC	wstETH	41768265	273	82	0xc9b52cd757e296203faf25f4d3106c2d98f5186bf880561eae72a95bae08836e	1770325877	0x9534e4beb4f7E07bb88F4c6A067d666c29e1b433	0x0584F2a2998Bd7d891cE0AC529C9d4104AD13Ad4	18	15481884	7368771392	1	782508
8453	0x1c21c59df9db44bf6f645d854ee710a8ca17b479451447e9f56758aee10a2fad	860000000000000000	USDC	cbETH	41768506	297	74	0x560873695cdf889f2fc93f09ae405ecfa7f8a576bfbaaefcc99a37ae851c874e	1770326359	0x845CC2d6eE6dd3cD98558eDb3Bb7C468257d6C27	0x0584F2a2998Bd7d891cE0AC529C9d4104AD13Ad4	8428	7765418850	4214964716153	5	4300760
8453	0x1c21c59df9db44bf6f645d854ee710a8ca17b479451447e9f56758aee10a2fad	860000000000000000	USDC	cbETH	41768506	305	75	0xc89b7928373f16b825c7ddf12c06bac82474dde90306159cf5dc8f4ed5145fcd	1770326359	0x0687012c4EFFC838C4f9d2D1b95d13EdD758f3a7	0x0584F2a2998Bd7d891cE0AC529C9d4104AD13Ad4	97792	90113691075	48917130243540	37	33411714
8453	0x13c42741a359ac4a8aa8287d2be109dcf28344484f91185f9a79bd5a805a55ae	860000000000000000	USDC	wstETH	41768550	624	175	0xfb1ef6b8e29dd5f42c72f37ebc1a0e8dc42f8fc1e452e17b00646af944ce6f6b	1770326447	0xCc5628B5011E324ef628E286a0AEF0bdbD06b660	0x0584F2a2998Bd7d891cE0AC529C9d4104AD13Ad4	14	11839079	5718786526	1	873734
8453	0x1c21c59df9db44bf6f645d854ee710a8ca17b479451447e9f56758aee10a2fad	860000000000000000	USDC	cbETH	41768550	634	176	0xe8634ff8c11c9769d0fd6fd6236a04c95e960eac5d091d59ce5e9a60da333d99	1770326447	0x633bce279aFeE59667DdC76F23F8D5456cBE567C	0x0584F2a2998Bd7d891cE0AC529C9d4104AD13Ad4	5521	5086639050	2768865209895	2	1445131
8453	0x1c21c59df9db44bf6f645d854ee710a8ca17b479451447e9f56758aee10a2fad	860000000000000000	USDC	cbETH	41769436	963	244	0x84d690d3afe98d93d29ced387db5439e42403cc7e4b9d962a9e64481b3ad903e	1770328219	0x2843d5Fca50C9E3Fb9FAEfD7807cBAb43957ede4	0x0584F2a2998Bd7d891cE0AC529C9d4104AD13Ad4	7170	6606165497	3608125249858	1	295818
8453	0x1c21c59df9db44bf6f645d854ee710a8ca17b479451447e9f56758aee10a2fad	860000000000000000	USDC	cbETH	41769436	971	245	0x16046ccf05d4774d2f079b69c9faf616545c4d31a7466ac71c2743ab819a27d2	1770328219	0xb9854B61C129c8F3498383D6cbb4046e5D1A2167	0x0584F2a2998Bd7d891cE0AC529C9d4104AD13Ad4	99755	91922364755	50207370975386	43	38735661
8453	0x8793cf302b8ffd655ab97bd1c695dbd967807e8367a65cb2f4edaf1380ba1bda	860000000000000000	USDC	WETH	41769528	122	88	0x1a00cf76fc7763873f27e0ce92de558a976601831c3ab951af95525cd24bfff8	1770328403	0xAeBD5FcFE9894D3cC67829c8088D5E999A9fE99C	0x0584F2a2998Bd7d891cE0AC529C9d4104AD13Ad4	1370	1243521478	773404644153	2	1668246
8453	0x34f676bd8db106d6cdc90d0fb44145cea2f393310a794812cb1c5a8726b60913	860000000000000000	USDC	wbCOIN	42100489	518	165	0x2f48b471a486cb68445e476300fa62d26845a09ad17e04364f8df8bf2b45fc75	1770990325	0x50fb3E0F3269faa8b2aBb245dBB70ab1f6b11907	0x91843cA448831A751aBE3f9E95556bC4A14985E5	496544287	496076168207849	3490490793584993101	270259133	270004345430606
8453	0x34f676bd8db106d6cdc90d0fb44145cea2f393310a794812cb1c5a8726b60913	860000000000000000	USDC	wbCOIN	42101263	1347	191	0xc2987b0725aec66ef91634e03b8c44d4748fd32e1acba98de5a1e2e1fe452cc5	1770991873	0xD075d9CB27E42b279c9F81BF8455fE65108d72d7	0x91843cA448831A751aBE3f9E95556bC4A14985E5	3232891419	3229842916907823	22725823418988831909	2031871513	2029955530001757
8453	0x34f676bd8db106d6cdc90d0fb44145cea2f393310a794812cb1c5a8726b60913	860000000000000000	USDC	wbCOIN	42101539	92	15	0x09738f60bdef6dc0e3e32667b2eae0982da6ab0b4b93a1955c4208be30c66b44	1770992425	0x8a99586472711F0b7148Bb503Bb23Eb6B30f2325	0x91843cA448831A751aBE3f9E95556bC4A14985E5	443897664	443479054166209	3120407891233938700	237948404	237724010841906
8453	0x9103c3b4e834476c9a62ea009ba2c884ee42e94e6e314a26f04d312434191836	860000000000000000	USDC	cbBTC	42558934	211	66	0x5cba3e1c5fb50dfa4693150cf07d66d2de7bad33a5c5d2b38324f2e9d1e8a390	1771907215	0x6E9845e7c1543E099a880405258c02B7adAd1d5C	0x9a746Cfea2C70dBEbBD9CACa1A06052dE33315c9	1211	1109192884	2	8	7211278
8453	0x9103c3b4e834476c9a62ea009ba2c884ee42e94e6e314a26f04d312434191836	860000000000000000	USDC	cbBTC	42558934	222	67	0x7aa3fc595ddf28252ddd75e202d2a26a9b565fc92defa335774472541d366af6	1771907215	0x7Afe8902E268650D5819CAdF6b361030313788cC	0x9a746Cfea2C70dBEbBD9CACa1A06052dE33315c9	1211	1109192884	2	22	19918858
8453	0x9103c3b4e834476c9a62ea009ba2c884ee42e94e6e314a26f04d312434191836	860000000000000000	USDC	cbBTC	42558934	233	68	0x4b9af4b1baf44000c95432a273550050db0179b34d153b419d52817b6377396d	1771907215	0x93DbEaE06F27Ad029734100AcA97fa4b889697f3	0x9a746Cfea2C70dBEbBD9CACa1A06052dE33315c9	1211	1109192884	2	31	28226307
8453	0x9103c3b4e834476c9a62ea009ba2c884ee42e94e6e314a26f04d312434191836	860000000000000000	USDC	cbBTC	42558934	273	97	0x1d4cb1b4ded76a2d76b7c85575294b8f24175cdc9e19eb7eee18760fe11ba537	1771907215	0x5362517Ad14DE633E2d8dC5506D748D62d723749	0x9a746Cfea2C70dBEbBD9CACa1A06052dE33315c9	1211	1109192884	2	33	29388254
8453	0x9103c3b4e834476c9a62ea009ba2c884ee42e94e6e314a26f04d312434191836	860000000000000000	USDC	cbBTC	42558934	284	98	0x2a8ed48240e632a24feee7a8a0e5f0a2a7d4725e0d1f0f3dcbe76154d94aeace	1771907215	0x4e6A27fd2a4bb78D312334bB5BaDe4aFb3a0C693	0x9a746Cfea2C70dBEbBD9CACa1A06052dE33315c9	1211	1109192884	2	116	105814451
8453	0x9103c3b4e834476c9a62ea009ba2c884ee42e94e6e314a26f04d312434191836	860000000000000000	USDC	cbBTC	42558934	295	99	0xb6223f680ec95c7975841d9cc4410502a9692536c57efddc9273f8f377ada50d	1771907215	0x992A592E11E0F5a97f0B04b51949a02B1194DD85	0x9a746Cfea2C70dBEbBD9CACa1A06052dE33315c9	1211	1109192884	2	136	124632547
8453	0x9103c3b4e834476c9a62ea009ba2c884ee42e94e6e314a26f04d312434191836	860000000000000000	USDC	cbBTC	42558934	306	100	0x31703eb49876429e4c4886b8f8a90e85ce2bb47780744aa845abe7cc70f69cc0	1771907215	0x2b661145f0647E213f82F58a1D2f166692cB1220	0x9a746Cfea2C70dBEbBD9CACa1A06052dE33315c9	1211	1109192884	2	221	202079818
8453	0x9103c3b4e834476c9a62ea009ba2c884ee42e94e6e314a26f04d312434191836	860000000000000000	USDC	cbBTC	42558934	358	113	0x5f272e1f71f2e862213c1f2ad8e3eae9bb20723f7656f7e394f18ec2e89603b0	1771907215	0x6677e6948cDe507C77fdC4D3B2b75619eb15719F	0x9a746Cfea2C70dBEbBD9CACa1A06052dE33315c9	1817	1664706013	3	417	381397184
8453	0x9103c3b4e834476c9a62ea009ba2c884ee42e94e6e314a26f04d312434191836	860000000000000000	USDC	cbBTC	42558934	369	114	0x6f75fae479b15486b04b8f5efea32f6a93a297a85d5d6bbfff2d75ac654c7c5e	1771907215	0x249b12895105c31C7aE11628Fb41dE86b30C5a2A	0x9a746Cfea2C70dBEbBD9CACa1A06052dE33315c9	1211	1109192884	2	744	681923542
8453	0x8793cf302b8ffd655ab97bd1c695dbd967807e8367a65cb2f4edaf1380ba1bda	860000000000000000	USDC	WETH	42634373	556	83	0xf08f0ae9bec627ac9c2cd3862bead95c2515ef04fa304043c8dc273830c4116b	1772058093	0x01004b4a9d7e2533b0EeDEC526bAB46A07267db8	0x00F231319F921A95284dEF641fD8274A8Cb0E6eE	19	16313342	8459485542	5	3713457
8453	0xa4e2843486610e6851f4e0a8fcdee819958598c71c7e99b0315904ccf162ddc3	770000000000000000	USDC	weETH	43362779	1561	158	0xed848c84f8ae67830d9752e006d2849479d1f4a78c2fc04cd5066cbafdb32c8d	1773514905	0x29DC1A40Dfc3Cef1E4ebD23459704b6Cb34Ba365	0x85593464c9dd38eC4625EF44e60CD6e8045Aa067	2	866465	14285620	315017867	272951746320419
8453	0xa4e2843486610e6851f4e0a8fcdee819958598c71c7e99b0315904ccf162ddc3	770000000000000000	USDC	weETH	43362791	455	81	0x7d0f7cf5f862d41558cdec9bc3deccfe1e67787fbae3f505c4c2b0c81418d8c4	1773514929	0x3401C98E6c4589833b65aBFBCE4cD0F9E431Ea9b	0x85593464c9dd38eC4625EF44e60CD6e8045Aa067	2	866465	86876569	241364773	209133886555622
8453	0xa4e2843486610e6851f4e0a8fcdee819958598c71c7e99b0315904ccf162ddc3	770000000000000000	USDC	weETH	43362815	838	83	0xa366f0e24595ad51d3265d0b46b5a79c5c25f3cdf2653384935442e18a4a53d8	1773514977	0x5299070Df323D2D8425fC539Ef6EE2cE9863C1b0	0x85593464c9dd38eC4625EF44e60CD6e8045Aa067	2	866464	52226759	64486247	55874968313445
8453	0xa4e2843486610e6851f4e0a8fcdee819958598c71c7e99b0315904ccf162ddc3	770000000000000000	USDC	weETH	43362830	397	51	0x4b69b7dcd8ccebd4c2f8bb71baefed4f39c414d36770775b87cf25c6e82dc345	1773515007	0x5aBddFAC1Abc80903FFA2f46d605a8fe4Dc4D6a5	0x85593464c9dd38eC4625EF44e60CD6e8045Aa067	5	3465852	1396711343	235974084	204462793848187
8453	0xa4e2843486610e6851f4e0a8fcdee819958598c71c7e99b0315904ccf162ddc3	770000000000000000	USDC	weETH	43362839	1203	146	0x7634754628f2ae4456aa222cacfd01723c38cad6925710dcf4f5686343f03d71	1773515025	0x74513519689b1FB427747624a4Dd87b3849d39CD	0x85593464c9dd38eC4625EF44e60CD6e8045Aa067	3	1732926	464772384	78268900	67817079621931
8453	0xa4e2843486610e6851f4e0a8fcdee819958598c71c7e99b0315904ccf162ddc3	770000000000000000	USDC	weETH	43362874	574	75	0xee73b8e1c7884db664faf731952e984807ba25c160d8a5c78003a28cf516fedc	1773515095	0xD6Cb7a7b544E24e5160A948a16C45b1096276F9d	0x85593464c9dd38eC4625EF44e60CD6e8045Aa067	29	24260928	13587673931	374	323902227
8453	0x34f676bd8db106d6cdc90d0fb44145cea2f393310a794812cb1c5a8726b60913	860000000000000000	USDC	wbCOIN	43570199	86	14	0x1e7134d44c55b6496fa08f295a314afa19575d4a0fc045e316ab0597d2179a98	1773929745	0xE8078FFa8b9ACB9cf314A9d9e6C148181e6C8851	0x9Bc3E09BdD1056159934895e93d1C22E49306144	13680255363	13656681246499836	73058882091838051002	1251897361	1249740063910244
8453	0x34f676bd8db106d6cdc90d0fb44145cea2f393310a794812cb1c5a8726b60913	860000000000000000	USDC	wbCOIN	43570214	547	117	0x6f89be524696c6941a95497410a538c8f0ffb7608352008f8368ae7a5a1a0f81	1773929775	0xB5307d841ABB0CB646B9CCf0c39fEe79c0E80A9d	0x9Bc3E09BdD1056159934895e93d1C22E49306144	334316358	333740254296589	1785403750352129108	84691347	84545404338023
8453	0x4e6d4a0d5ba50e08edeaef29530da50d0112dcddd81f994873c4f1ad3ad710ca	625000000000000000	USDC	vTAO	43585644	483	89	0x4323c340a5fba1a4cedbe48abb508d21adab98aa160f37f16dd688d181f5a3f7	1773960635	0xFbfE381868C9a1708e7f41867ae5aC51Ed66C6f8	0x8fCbAE166C8fCdd25309f6a7D9101D68DB3D2a73	0	0	1764596510230345	14732	14529911604
8453	0x501571228a5d21a1d6da6b7490dbb7737c016722383ebc252243e1995a854967	625000000000000000	USDC	vTAO	43585644	553	127	0x2f25f956ce20042737f3e639182e1be4fdbe9f54af4bf57ecd0352f74683649a	1773960635	0xc70e55AcA725b602039762DE0e1734661279FdD0	0x8fCbAE166C8fCdd25309f6a7D9101D68DB3D2a73	0	0	21292751454871	1245660	1227426962952
8453	0x6b52694164c1c86d6e834b05b8d35eb5d178ca2587a059143ac8b159a4dcf225	770000000000000000	USDC	KTA	43599897	508	58	0xa8a7e52ce4e59f5a057bcb7cf8c1f4cc53ddb44a09baf154eaf70327eb1f3bba	1773989141	0x6c531c4a02Ef79c3692786Abfa00FafcDE98aD5F	0x8fCbAE166C8fCdd25309f6a7D9101D68DB3D2a73	8	6337757	50000000000000	7	6021393
8453	0x34f676bd8db106d6cdc90d0fb44145cea2f393310a794812cb1c5a8726b60913	860000000000000000	USDC	wbCOIN	44045634	944	124	0x1ec23306d9d41efe24fa0eb1c8391f0ceb7d5ce398e7528cd29ac379c4db9870	1774880615	0xa904a0F8b4F0292785AD610dae1084a916142a77	0x50B7f684aC4C5B03aAF979665bAD8143C2b49098	2	997147	4374565903	19530527	19474795569252
8453	0x5b347b3dcfed096f09040cd30a174ae354ecc0a35c996493b8fa490d6d3e79d7	860000000000000000	USDC	sAMM-USDC/cUSDO	44598176	544	72	0xa70732f47f5e5eec8b46e6273c149c6c1d834859b654f5c71bf1076b8a28dfa6	1775985699	0xeD1322a762694C4d94de0C43Fcb6F5d4aB9Fb867	0xc24A3623E548A7b50E76462d9f66f77E4ab03935	39969	2390440270	20483313253	336657	20135072262
8453	0x5b347b3dcfed096f09040cd30a174ae354ecc0a35c996493b8fa490d6d3e79d7	860000000000000000	USDC	sAMM-USDC/cUSDO	44598193	330	48	0x6d5f45f7858ac9fa6b37c22004882f3d8a655e6b23973e6aeb5a92b420a08a06	1775985733	0xfFdAa7841cdd88F2995890498E42A8F0E3286688	0xc24A3623E548A7b50E76462d9f66f77E4ab03935	12006	718003283	6152010440	41396	2475815538
8453	0x1c21c59df9db44bf6f645d854ee710a8ca17b479451447e9f56758aee10a2fad	860000000000000000	USDC	cbETH	44685945	556	197	0x4d4dbc802a5f5291399b3d64bac42f13fdb29e79d0b6731e63f2363554eea06d	1776161237	0x4aCEA4053E35e4f27bAd5037B343Bf10d63d8046	0x1A24E907d36b3FEd678C631Eb2eb06cA44396959	6	4571831	1668335035	1	804963
8453	0x34f676bd8db106d6cdc90d0fb44145cea2f393310a794812cb1c5a8726b60913	860000000000000000	USDC	wbCOIN	44843151	332	67	0x897d20c00350124928e10b72eea6587bca9f47dc9797b2f0bcb658b76e1b9b4e	1776475649	0x71d862BC0791b46ba8Bb4C3476bad07fC55C2B48	0x50B7f684aC4C5B03aAF979665bAD8143C2b49098	2	983676	169985922	9621836	9464760625213
8453	0x76be79fa5b54fd096017161a7dab338e1d5a9d02d3fc50a14c62f7742d121b22	860000000000000000	USDC	WETH	44900767	491	115	0xd1214ea12e94807b4ed661fea79aa030c2ec287a45370472abdc8a513db0ac4f	1776590881	0xb0FEE8aBAB8dF8C646E8b15ceE50477909C01B56	0xc41b1AF25Ea9AD03E81A4d551454e9f4f519AE4e	289	289000000	1000000500000060	649726	649726000000
8453	0x34f676bd8db106d6cdc90d0fb44145cea2f393310a794812cb1c5a8726b60913	860000000000000000	USDC	wbCOIN	45006564	86	34	0xafd82ef8fe5f3355ac974878a0e0c14e66184fc35037384cd59af29f9fc86154	1776802475	0x230ea346aD65a7FFb425C84c7CB35e0098076b9e	0x68D258fe1855bF6cDDE1Ec4135461EB9A59d3F9B	2	974146	1871994158	7435996	7243742292745
8453	0x5b347b3dcfed096f09040cd30a174ae354ecc0a35c996493b8fa490d6d3e79d7	860000000000000000	USDC	sAMM-USDC/cUSDO	45586329	192	54	0x46aeff4c0901598e083cef5fc156da9d8fea65e5908f94f13339ff3b69136a00	1777962005	0xF4928C951bab7081909b45e6D167bA993256b4cc	0xe2147220668E1946D0040F164CCAa7a07038e59a	13669	495620276	7000000957	8161	295928296
8453	0x34f676bd8db106d6cdc90d0fb44145cea2f393310a794812cb1c5a8726b60913	860000000000000000	USDC	wbCOIN	45961083	612	154	0xa9fbf66385bf8e7fe5761029f73c8c2f0dacacf2a60c0bf3dcd775c46e8e21a9	1778711513	0x8a99586472711F0b7148Bb503Bb23Eb6B30f2325	0x9Bc3E09BdD1056159934895e93d1C22E49306144	6117091841	4332839568081955	31757259186342209845	2059919741	1459075978239525
8453	0x34f676bd8db106d6cdc90d0fb44145cea2f393310a794812cb1c5a8726b60913	860000000000000000	USDC	wbCOIN	45961135	176	36	0x4d7107473548d76d4a48bb20a5b39c35c9aee1528da8cd1b27c959426577ca96	1778711617	0xa4f5d2175A1AF767823b08Fcfd7fE1C6e803645B	0x9Bc3E09BdD1056159934895e93d1C22E49306144	268114071	189909254207123	1391930710804410205	84703030	59996437790909
8453	0x34f676bd8db106d6cdc90d0fb44145cea2f393310a794812cb1c5a8726b60913	860000000000000000	USDC	wbCOIN	45961146	48	15	0x55b7549a09a26fa053c5e396ff4d6941ce07769f215514bf6349d53c891de9c1	1778711639	0xFCc581Dff9D5B3E2A34886eA686222d708bc4F9a	0x9Bc3E09BdD1056159934895e93d1C22E49306144	191764830	135829867291955	995558922843018539	60459773	42824551646339
8453	0x34f676bd8db106d6cdc90d0fb44145cea2f393310a794812cb1c5a8726b60913	860000000000000000	USDC	wbCOIN	45961151	633	88	0xaa8e635a4e320f07929b12e4274d7f9740bc9e846f4d428973ee5fca4ffcb6d0	1778711649	0x577F6478262F434717dA361A0a66759CD9b28095	0x9Bc3E09BdD1056159934895e93d1C22E49306144	148992450	105533537002009	773503477516932482	47022382	33306642402312
8453	0x34f676bd8db106d6cdc90d0fb44145cea2f393310a794812cb1c5a8726b60913	860000000000000000	USDC	wbCOIN	45961158	299	52	0x2e27fc675c0ca8a7aeb5b1193dfbd3b04afc9960bb779e83cd4fd0cddd7d5361	1778711663	0xAAE415992E62228b30a1Dd25842CBACa75F8de0A	0x9Bc3E09BdD1056159934895e93d1C22E49306144	50241792	35586988634939	260833349818719142	10182868	7212672466906
8453	0xff0f2bd52ca786a4f8149f96622885e880222d8bed12bbbf5950296be8d03f89	915000000000000000	USDC	USR	46895961	974	173	0xc584d3a6df8f93e529b74433eea3e973b06e70ef069cb1e0ee1fdf77e9ff25cb	1780581269	0x32D279EC8770734eb86eE3f8EC5Ce9Ed5417e5cA	0x2D7F3B38eB32B0fF631f2650f3B9923F9927F82F	341	172294993	347421633823000	248	125496384
8453	0x9103c3b4e834476c9a62ea009ba2c884ee42e94e6e314a26f04d312434191836	860000000000000000	USDC	cbBTC	46960277	178	79	0x3bcd604df245d6f19e9a4cc07f98aaad8715c386528ac9503659372570505a92	1780709901	0x54b95fDb2AD6AB586076aEB96a82F6Fcd0687D78	0x3c1982FC752cA8019C25495E55D9919d53E4Ec4e	587	530479638	1	1	671318
8453	0x5c01254d8549521b43f922e175a270f0ef2e00d5c5f3f343bcd5f8451dcf93fe	915000000000000000	USDC	PT-apxUSD-18JUN2026	47501617	370	157	0xfa896f67a3e55e994ae15533bb3952fc15e27e1d1637532d04febbae70752cc8	1781792581	0x5c0642fE68fC72cF03F676b28faf5cF97CC0B265	0xf9862EfC1704aC05e687f66E5cD8c130E5663cE2	131645329281	130111117216886541	151746312030837959186640	3828067930	3783455120384879
8453	0x5c01254d8549521b43f922e175a270f0ef2e00d5c5f3f343bcd5f8451dcf93fe	915000000000000000	USDC	PT-apxUSD-18JUN2026	47501617	373	157	0xfa896f67a3e55e994ae15533bb3952fc15e27e1d1637532d04febbae70752cc8	1781792581	0x6dbfef7F1e9FC3d9d20c219E474b5b406d69970F	0xf9862EfC1704aC05e687f66E5cD8c130E5663cE2	13747536724	13587321113440007	15846654101604172370924	92994078	91910312373417
8453	0x5c01254d8549521b43f922e175a270f0ef2e00d5c5f3f343bcd5f8451dcf93fe	915000000000000000	USDC	PT-apxUSD-18JUN2026	47504411	665	301	0x661a8ab8b4690d21d74b77f6c91c2669f7702af385d98c820e7d09d0c27fafba	1781798169	0x0aCEdca91817EaCe78e4d31B166Ba2B523FcBa66	0xf9862EfC1704aC05e687f66E5cD8c130E5663cE2	850111654	840194700042322	1038243878986235958224	76390424	75499293315756
8453	0x5c01254d8549521b43f922e175a270f0ef2e00d5c5f3f343bcd5f8451dcf93fe	915000000000000000	USDC	PT-apxUSD-18JUN2026	47504411	668	301	0x661a8ab8b4690d21d74b77f6c91c2669f7702af385d98c820e7d09d0c27fafba	1781798169	0xCC33fC758Cb887f32dbb67619148D5A5dE095213	0xf9862EfC1704aC05e687f66E5cD8c130E5663cE2	999065846	987411271215752	1220162072849499031549	87514461	86493563336621
8453	0x5c01254d8549521b43f922e175a270f0ef2e00d5c5f3f343bcd5f8451dcf93fe	915000000000000000	USDC	PT-apxUSD-18JUN2026	47504411	671	301	0x661a8ab8b4690d21d74b77f6c91c2669f7702af385d98c820e7d09d0c27fafba	1781798169	0xA3d00eFC1819535f10629014b5a02FDf8a17727c	0xf9862EfC1704aC05e687f66E5cD8c130E5663cE2	1196145672	1182192068194986	1460856249472319180069	102420413	101225629943373
8453	0x5c01254d8549521b43f922e175a270f0ef2e00d5c5f3f343bcd5f8451dcf93fe	915000000000000000	USDC	PT-apxUSD-18JUN2026	47504411	674	301	0x661a8ab8b4690d21d74b77f6c91c2669f7702af385d98c820e7d09d0c27fafba	1781798169	0x2B83aC024B0a4Ba3f93776Cacb61D98310614aFE	0xf9862EfC1704aC05e687f66E5cD8c130E5663cE2	1146225284	1132854025043390	1399888331777770241395	95404213	94291277089654
8453	0x5c01254d8549521b43f922e175a270f0ef2e00d5c5f3f343bcd5f8451dcf93fe	915000000000000000	USDC	PT-apxUSD-18JUN2026	47504411	677	301	0x661a8ab8b4690d21d74b77f6c91c2669f7702af385d98c820e7d09d0c27fafba	1781798169	0x8b3C0eFc768AcFAfE55345407FAb2F11c0e38326	0xf9862EfC1704aC05e687f66E5cD8c130E5663cE2	370801891	366476311255249	452861445624714942205	13275546	13120679957102
8453	0x5c01254d8549521b43f922e175a270f0ef2e00d5c5f3f343bcd5f8451dcf93fe	915000000000000000	USDC	PT-apxUSD-18JUN2026	47504411	680	301	0x661a8ab8b4690d21d74b77f6c91c2669f7702af385d98c820e7d09d0c27fafba	1781798169	0x0B3Cb6260Ea1104Dc13464D722eF7b137A117549	0xf9862EfC1704aC05e687f66E5cD8c130E5663cE2	2150918543	2125827063838607	2626923184198145987922	76369750	75478860237183
8453	0x5c01254d8549521b43f922e175a270f0ef2e00d5c5f3f343bcd5f8451dcf93fe	915000000000000000	USDC	PT-apxUSD-18JUN2026	47504411	683	301	0x661a8ab8b4690d21d74b77f6c91c2669f7702af385d98c820e7d09d0c27fafba	1781798169	0x5163D2109Ac93B447828789b8dF537bc9Fa3BF19	0xf9862EfC1704aC05e687f66E5cD8c130E5663cE2	1264233046	1249485170911123	1544011560079520920719	32979824	32595098030746
8453	0x5c01254d8549521b43f922e175a270f0ef2e00d5c5f3f343bcd5f8451dcf93fe	915000000000000000	USDC	PT-apxUSD-18JUN2026	47504411	686	301	0x661a8ab8b4690d21d74b77f6c91c2669f7702af385d98c820e7d09d0c27fafba	1781798169	0x2d9d3A73c9228bF6D4dAE6F72a8E30838eA13F71	0xf9862EfC1704aC05e687f66E5cD8c130E5663cE2	1211975921	1197837649897414	1480189779560289686250	9853618	9738670394813
8453	0x5c01254d8549521b43f922e175a270f0ef2e00d5c5f3f343bcd5f8451dcf93fe	915000000000000000	USDC	PT-apxUSD-18JUN2026	47586823	478	132	0x1734dfa408cd2c5e885db4a00c5ea5b15c21e24e8a3fdfd7ac568c8c0e75bcea	1781962993	0xac49eBA7d23842B228c41aA372a602d1Ff004a0c	0x7d90a009230E2268D8807848D8421640CD94B575	121807342	120347892105666	136570782501614216310	35482	35056076488
8453	0x34f676bd8db106d6cdc90d0fb44145cea2f393310a794812cb1c5a8726b60913	860000000000000000	USDC	wbCOIN	47672573	280	93	0xdd62e001f27da887274e31e3135659685d53c4d35393928cb019f6a60737f369	1782134493	0x8a99586472711F0b7148Bb503Bb23Eb6B30f2325	0x57c05b65B2fbd9e514449d7F7426aCc4A776dD5d	32058126	22350772658767	202227494032351779	1808934	1261179901591
8453	0x758ac82c95ef3ac936a812b5f4433f7eb14803dbe8d6d8534fd17215ede99bb1	770000000000000000	USDC	TOSHI	47814724	846	568	0x55642d5386ca0eac8290b3a4672aade4046096a77761b22cfe271ebe0dd07e6b	1782418795	0x057C5cC6d97Da0e33298F409f977d861721Deb9C	0x57c05b65B2fbd9e514449d7F7426aCc4A776dD5d	2	803061	4629416430845	4554	3656627965
8453	0x6a331b22b56c9c0ee32a1a7d6f852d2c682ea8b27a1b0f99a9c484a37a951eb7	770000000000000000	USDC	weETH	47814732	20	11	0xf371142d95d9dfa32cb407207327b023beaf0f013cf03f456ba89bafdc2d4254	1782418811	0x7cd2691789385B4E6E0f509d01423D0340109D4D	0x57c05b65B2fbd9e514449d7F7426aCc4A776dD5d	2	870553	8683330	2	906329
8453	0xf24417ee06adc0b0836cf0dbec3ba56c1059f62f53a55990a38356d42fa75fa2	770000000000000000	USDC	ezETH	47814806	70	19	0xd5674e691d938e6b6012732abfc350d0b3ffa8174edd466d818f5062e0d97255	1782418959	0xdBFA22d2378E90D2ad035BffB8ab6E411422Fbcb	0x57c05b65B2fbd9e514449d7F7426aCc4A776dD5d	22	14241625	12861827145	9	5812817
8453	0xc623a8d40e3163178a090da7eb86b6072f1cc499fc2fad6d8aeca1691d73e6d0	980000000000000000	USDC	vintMezoTestNo1	49611307	198	36	0x27233d5b42888a269096cac767f65e988f4a543e16240e3e69fd1aa5b386130a	1786011961	0x7133aEBcb9c9b5b45195C5b29C06a5f52E9F7333	0x7133aEBcb9c9b5b45195C5b29C06a5f52E9F7333	0	0	10000000	2000000	2000000000000
8453	0x3897f782d60d491dfc4def9ce8ec4ec8be29df84a582e148c9b888a8dbbe11ac	625000000000000000	USDC	PERP	50076239	14	11	0x957d3fb7c8bcd66830e6224b0386a04b31328bebaeab99c362b5f10e5311a24f	1786941825	0x03d765E673bf63cC63Aed1e61F6e5f38e66f2E3a	0x1C5FFE79c213A1634372703e6D1466baFcF48936	9699468	30888698163	113558670454248517451	300781240	957860979956
8453	0xff0f2bd52ca786a4f8149f96622885e880222d8bed12bbbf5950296be8d03f89	915000000000000000	USDC	USR	50076239	281	96	0x92a96ddd5792295fa9da56deebefbb39d357739a7a16d1916a7f447f06fab357	1786941825	0x51FDbC5ca4949eEC514232e13B9d4ED091e5A8A8	0x1C5FFE79c213A1634372703e6D1466baFcF48936	2	101994	1	296737268	30265356576155
8453	0x34f676bd8db106d6cdc90d0fb44145cea2f393310a794812cb1c5a8726b60913	860000000000000000	USDC	wbCOIN	50076239	560	179	0xb0306c2fde3767a049511d2fd8335c22dde7839d5d9afec3b49bb5f7fa4c9e80	1786941825	0xCe029f6EE3C8D7E6c9338c04171B895a22428dE3	0x1C5FFE79c213A1634372703e6D1466baFcF48936	2	696770	1	106001370	73858468385867
8453	0x34f676bd8db106d6cdc90d0fb44145cea2f393310a794812cb1c5a8726b60913	860000000000000000	USDC	wbCOIN	50076240	547	103	0x303fe962a3e617daf80a1b8e1a3a01d4855a5353c308fbf37edc47278d7a77b8	1786941827	0x3EF95809372FaaD5a9ba905c574300eB37f503be	0x1C5FFE79c213A1634372703e6D1466baFcF48936	2	696770	1	33236022	23157829263253
8453	0xf4254bb9db550a5e61302b0db6d90f29ceda324496e9783b93d7da054bb33635	770000000000000000	USDC	doginme	50201734	375	92	0x3d266ab51e974c75cf3459dd4f0eb41a2232c42e5cc4822c14c4bfe8dbffc607	1787192815	0xa71dB1E0d281999d7263f635b8dADBB9393dF651	0x1C5FFE79c213A1634372703e6D1466baFcF48936	2	879998	2774	1116	981739976
8453	0x34f676bd8db106d6cdc90d0fb44145cea2f393310a794812cb1c5a8726b60913	860000000000000000	USDC	wbCOIN	50201735	243	44	0x742e373e1048eca455b3947ea2356346f448c2dd7f599343b10000be73b43488	1787192817	0xFCc581Dff9D5B3E2A34886eA686222d708bc4F9a	0x1C5FFE79c213A1634372703e6D1466baFcF48936	2	696766	12	6716235	4679642626346
8453	0x026ecee9b3a8d0ce979837333349cfc2075a2af6cd9b41c1c1d9fa16c44e54c5	770000000000000000	USDC	ezETH	50201736	16	15	0xf398df7eb18cfba9f230e11de51b1993e8bb9141f1288882338000a65969778e	1787192819	0xaA01a15Dd147c034ca458d8679e78fD60E21EF27	0x1C5FFE79c213A1634372703e6D1466baFcF48936	2	678555	76244	472145	320376677281
8453	0x758ac82c95ef3ac936a812b5f4433f7eb14803dbe8d6d8534fd17215ede99bb1	770000000000000000	USDC	TOSHI	50201736	505	143	0x61a27c41980e7874aa8b7bcd83aaee91de5f5b895450e5a647658c564e8cdb55	1787192819	0x2066e6c895653782Ce00B3222Fc97c9f6487e8c6	0x1C5FFE79c213A1634372703e6D1466baFcF48936	2	784274	1281118711987	798	625599825
8453	0xafa2d80fcc3aa58419dd8c62b57087384bc35de27d70de9c91525276f2b2fd6e	915000000000000000	USDC	PT-USDe-11DEC2025	50201737	649	195	0x26669f134287302ba8955478031ad5f9619dd1f5697d61691150b1fcdaff6edd	1787192821	0x26A51372Eb180B74a05CF32e4450ebd136db720f	0x1C5FFE79c213A1634372703e6D1466baFcF48936	4	682620	2793042919626	122709	27921127862
8453	0xcf21c3ca9434959fbf882f7d977f90fe22b7a79e6f39cada5702b56b25e58613	915000000000000000	USDC	PT-USR-24APR2025	50201738	504	114	0x5b26c19249dfe68c65fb2f29446ef1aab4a3950d39d75d80e72548b1ffb5420c	1787192823	0x99F1cE9D0b95D5D9B3929D0079bdB27628e7eFd7	0x1C5FFE79c213A1634372703e6D1466baFcF48936	6	363417	4347631175727	9380	681787741
8453	0x85bafa417a3db994ec4204791e20fa31177b945304975f95e6d91dd58b2bacff	770000000000000000	USDC	WMTX	50201739	523	148	0x5b5ef291ed4b3e0d65b22ebcc559dc91d0d6541ccb87ccf26603ce80a022dcaa	1787192825	0x26dDD1D97cF711D59d322921d4b11a24d0A2E416	0x1C5FFE79c213A1634372703e6D1466baFcF48936	3	1540610	50	695	534703864
8453	0x1478d70d1fde3fd5b8eb5766e82b03aa56a1df72a54fc8cd33aad666b0bd5008	860000000000000000	USDC	RLP	50201742	34	12	0xa70e34f46be5c36a0320d0670da9e48f5e51f403a71b1a727b7e5630f25c2de6	1787192831	0xa3271e0eA07475C722474fAAa5738a219e3aCA96	0x1C5FFE79c213A1634372703e6D1466baFcF48936	21242	1474974835	17222393827045306	217220	15083700908
8453	0x6b52694164c1c86d6e834b05b8d35eb5d178ca2587a059143ac8b159a4dcf225	770000000000000000	USDC	KTA	50451986	223	103	0xca8989a0cfbb8ee56e8b9984394195cf456cdf64ebbd6184a86953456c7906e8	1787693319	0x5caf6DC1c062d7916746E17DdeEE41aACcd6FdDE	0x98bAE0391064b1ED444eE40B9e7f1955987cD25F	2282	1771690706	34759038344797125	2	1370486
8453	0x3df6f44a6c5ff603f00de0c8106252fd5aadd79918ab7662717b851082d2f90c	980000000000000000	USDC	ZRO	50615009	342	61	0xba5f2b53cd30e1b880059a5f662ba496d11895495c43b7aa071f13ce18bb781e	1788019365	0x213e7a9a30053D056BeD28294c8adA6AF0ad4C52	0xa2f3b27396790D511Bb67521589Bf4D641A4e2D5	782516	782514145864	901967254027624664	133630	133630854136
8453	0x2c533b38481cdbb0f56f467c5558f5e198817ac3bbfc0362ff00a038b1e70333	980000000000000000	USDC	USDS	50623590	592	83	0xfaba589802e884f2d7415254a7ad1288b81d0da875eccd4dcbf63ce76d87ed34	1788036527	0x75123C3589039b8e7Bf65fF8011d2410173fEB33	0x2a2091B84378FDfDCcb6d0715c9245cA34C1D240	747	293094377	749252416756177	16252	6385392873
